instant,dateday,season,year,month,holiday,weekday,workingday,weathersit,temp,atemp,hum,windspeed,casual,registered,count,season_labels,actual_temp,weather_labels
1,2011-01-01,1,0,Jan,0,,0,2,0.344167,0.363625,0.805833,0.160446,331,654,985,Springer,14.110847,Mist
2,2011-01-02,1,0,Jan,0,,0,2,0.363478,0.353739,0.696087,0.248539,131,670,801,Springer,14.902598000000001,Mist
3,2011-01-03,1,0,Jan,0,,1,1,0.196364,0.189405,0.437273,0.248309,120,1229,1349,Springer,8.050924,Clear
4,2011-01-04,1,0,Jan,0,,1,1,0.2,0.212122,0.590435,0.160296,108,1454,1562,Springer,8.200000000000001,Clear
5,2011-01-05,1,0,Jan,0,,1,1,0.226957,0.22927,0.436957,0.1869,82,1518,1600,Springer,9.305237,Clear
6,2011-01-06,1,0,Jan,0,,1,1,0.204348,0.233209,0.518261,0.0895652,88,1518,1606,Springer,8.378268,Clear
7,2011-01-07,1,0,Jan,0,,1,2,0.196522,0.208839,0.498696,0.168726,148,1362,1510,Springer,8.057402,Mist
8,2011-01-08,1,0,Jan,0,,0,2,0.165,0.162254,0.535833,0.266804,68,891,959,Springer,6.765000000000001,Mist
9,2011-01-09,1,0,Jan,0,,0,1,0.138333,0.116175,0.434167,0.36195,54,768,822,Springer,5.671653,Clear
10,2011-01-10,1,0,Jan,0,,1,1,0.150833,0.150888,0.482917,0.223267,41,1280,1321,Springer,6.184153,Clear
11,2011-01-11,1,0,Jan,0,,1,2,0.169091,0.191464,0.686364,0.122132,43,1220,1263,Springer,6.9327309999999995,Mist
12,2011-01-12,1,0,Jan,0,,1,1,0.172727,0.160473,0.599545,0.304627,25,1137,1162,Springer,7.0818069999999995,Clear
13,2011-01-13,1,0,Jan,0,,1,1,0.165,0.150883,0.470417,0.301,38,1368,1406,Springer,6.765000000000001,Clear
14,2011-01-14,1,0,Jan,0,,1,1,0.16087,0.188413,0.537826,0.126548,54,1367,1421,Springer,6.59567,Clear
15,2011-01-15,1,0,Jan,0,,0,2,0.233333,0.248112,0.49875,0.157963,222,1026,1248,Springer,9.566653,Mist
16,2011-01-16,1,0,Jan,0,,0,1,0.231667,0.234217,0.48375,0.188433,251,953,1204,Springer,9.498347,Clear
17,2011-01-17,1,0,Jan,1,,0,2,0.175833,0.176771,0.5375,0.194017,117,883,1000,Springer,7.209153,Mist
18,2011-01-18,1,0,Jan,0,,1,2,0.216667,0.232333,0.861667,0.146775,9,674,683,Springer,8.883347,Mist
19,2011-01-19,1,0,Jan,0,,1,2,0.292174,0.298422,0.741739,0.208317,78,1572,1650,Springer,11.979134,Mist
20,2011-01-20,1,0,Jan,0,,1,2,0.261667,0.25505,0.538333,0.195904,83,1844,1927,Springer,10.728347,Mist
21,2011-01-21,1,0,Jan,0,,1,1,0.1775,0.157833,0.457083,0.353242,75,1468,1543,Springer,7.2775,Clear
22,2011-01-22,1,0,Jan,0,,0,1,0.0591304,0.0790696,0.4,0.17197,93,888,981,Springer,2.4243464,Clear
23,2011-01-23,1,0,Jan,0,,0,1,0.0965217,0.0988391,0.436522,0.2466,150,836,986,Springer,3.9573897000000002,Clear
24,2011-01-24,1,0,Jan,0,,1,1,0.0973913,0.11793,0.491739,0.15833,86,1330,1416,Springer,3.9930433,Clear
25,2011-01-25,1,0,Jan,0,,1,2,0.223478,0.234526,0.616957,0.129796,186,1799,1985,Springer,9.162598000000001,Mist
26,2011-01-26,1,0,Jan,0,,1,3,0.2175,0.2036,0.8625,0.29385,34,472,506,Springer,8.9175,Light Rain
27,2011-01-27,1,0,Jan,0,,1,1,0.195,0.2197,0.6875,0.113837,15,416,431,Springer,7.995,Clear
28,2011-01-28,1,0,Jan,0,,1,2,0.203478,0.223317,0.793043,0.1233,38,1129,1167,Springer,8.342597999999999,Mist
29,2011-01-29,1,0,Jan,0,,0,1,0.196522,0.212126,0.651739,0.145365,123,975,1098,Springer,8.057402,Clear
30,2011-01-30,1,0,Jan,0,,0,1,0.216522,0.250322,0.722174,0.0739826,140,956,1096,Springer,8.877402,Clear
31,2011-01-31,1,0,Jan,0,,1,2,0.180833,0.18625,0.60375,0.187192,42,1459,1501,Springer,7.414153,Mist
32,2011-02-01,1,0,Feb,0,,1,2,0.192174,0.23453,0.829565,0.053213,47,1313,1360,Springer,7.8791340000000005,Mist
33,2011-02-02,1,0,Feb,0,,1,2,0.26,0.254417,0.775417,0.264308,72,1454,1526,Springer,10.66,Mist
34,2011-02-03,1,0,Feb,0,,1,1,0.186957,0.177878,0.437826,0.277752,61,1489,1550,Springer,7.665237,Clear
35,2011-02-04,1,0,Feb,0,,1,2,0.211304,0.228587,0.585217,0.127839,88,1620,1708,Springer,8.663464,Mist
36,2011-02-05,1,0,Feb,0,,0,2,0.233333,0.243058,0.929167,0.161079,100,905,1005,Springer,9.566653,Mist
37,2011-02-06,1,0,Feb,0,,0,1,0.285833,0.291671,0.568333,0.1418,354,1269,1623,Springer,11.719153,Clear
38,2011-02-07,1,0,Feb,0,,1,1,0.271667,0.303658,0.738333,0.0454083,120,1592,1712,Springer,11.138347,Clear
39,2011-02-08,1,0,Feb,0,,1,1,0.220833,0.198246,0.537917,0.36195,64,1466,1530,Springer,9.054153,Clear
40,2011-02-09,1,0,Feb,0,,1,2,0.134783,0.144283,0.494783,0.188839,53,1552,1605,Springer,5.526102999999999,Mist
41,2011-02-10,1,0,Feb,0,,1,1,0.144348,0.149548,0.437391,0.221935,47,1491,1538,Springer,5.918268,Clear
42,2011-02-11,1,0,Feb,0,,1,1,0.189091,0.213509,0.506364,0.10855,149,1597,1746,Springer,7.752731000000001,Clear
43,2011-02-12,1,0,Feb,0,,0,1,0.2225,0.232954,0.544167,0.203367,288,1184,1472,Springer,9.1225,Clear
44,2011-02-13,1,0,Feb,0,,0,1,0.316522,0.324113,0.457391,0.260883,397,1192,1589,Springer,12.977402000000001,Clear
45,2011-02-14,1,0,Feb,0,,1,1,0.415,0.39835,0.375833,0.417908,208,1705,1913,Springer,17.015,Clear
46,2011-02-15,1,0,Feb,0,,1,1,0.266087,0.254274,0.314348,0.291374,140,1675,1815,Springer,10.909567000000001,Clear
47,2011-02-16,1,0,Feb,0,,1,1,0.318261,0.3162,0.423478,0.251791,218,1897,2115,Springer,13.048701000000001,Clear
48,2011-02-17,1,0,Feb,0,,1,1,0.435833,0.428658,0.505,0.230104,259,2216,2475,Springer,17.869153,Clear
49,2011-02-18,1,0,Feb,0,,1,1,0.521667,0.511983,0.516667,0.264925,579,2348,2927,Springer,21.388347,Clear
50,2011-02-19,1,0,Feb,0,,0,1,0.399167,0.391404,0.187917,0.507463,532,1103,1635,Springer,16.365847,Clear
51,2011-02-20,1,0,Feb,0,,0,1,0.285217,0.27733,0.407826,0.223235,639,1173,1812,Springer,11.693897,Clear
52,2011-02-21,1,0,Feb,1,,0,2,0.303333,0.284075,0.605,0.307846,195,912,1107,Springer,12.436653000000002,Mist
53,2011-02-22,1,0,Feb,0,,1,1,0.182222,0.186033,0.577778,0.195683,74,1376,1450,Springer,7.471102,Clear
54,2011-02-23,1,0,Feb,0,,1,1,0.221739,0.245717,0.423043,0.094113,139,1778,1917,Springer,9.091299,Clear
55,2011-02-24,1,0,Feb,0,,1,2,0.295652,0.289191,0.697391,0.250496,100,1707,1807,Springer,12.121732000000002,Mist
56,2011-02-25,1,0,Feb,0,,1,2,0.364348,0.350461,0.712174,0.346539,120,1341,1461,Springer,14.938268,Mist
57,2011-02-26,1,0,Feb,0,,0,1,0.2825,0.282192,0.537917,0.186571,424,1545,1969,Springer,11.5825,Clear
58,2011-02-27,1,0,Feb,0,,0,1,0.343478,0.351109,0.68,0.125248,694,1708,2402,Springer,14.082598,Clear
59,2011-02-28,1,0,Feb,0,,1,2,0.407273,0.400118,0.876364,0.289686,81,1365,1446,Springer,16.698193,Mist
60,2011-03-01,1,0,Mar,0,,1,1,0.266667,0.263879,0.535,0.216425,137,1714,1851,Springer,10.933347,Clear
61,2011-03-02,1,0,Mar,0,,1,1,0.335,0.320071,0.449583,0.307833,231,1903,2134,Springer,13.735000000000001,Clear
62,2011-03-03,1,0,Mar,0,,1,1,0.198333,0.200133,0.318333,0.225754,123,1562,1685,Springer,8.131653,Clear
63,2011-03-04,1,0,Mar,0,,1,2,0.261667,0.255679,0.610417,0.203346,214,1730,1944,Springer,10.728347,Mist
64,2011-03-05,1,0,Mar,0,,0,2,0.384167,0.378779,0.789167,0.251871,640,1437,2077,Springer,15.750846999999998,Mist
65,2011-03-06,1,0,Mar,0,,0,2,0.376522,0.366252,0.948261,0.343287,114,491,605,Springer,15.437402,Mist
66,2011-03-07,1,0,Mar,0,,1,1,0.261739,0.238461,0.551304,0.341352,244,1628,1872,Springer,10.731299,Clear
67,2011-03-08,1,0,Mar,0,,1,1,0.2925,0.3024,0.420833,0.12065,316,1817,2133,Springer,11.9925,Clear
68,2011-03-09,1,0,Mar,0,,1,2,0.295833,0.286608,0.775417,0.22015,191,1700,1891,Springer,12.129153,Mist
69,2011-03-10,1,0,Mar,0,,1,3,0.389091,0.385668,0.0,0.261877,46,577,623,Springer,15.952731,Light Rain
70,2011-03-11,1,0,Mar,0,,1,2,0.316522,0.305,0.649565,0.23297,247,1730,1977,Springer,12.977402000000001,Mist
71,2011-03-12,1,0,Mar,0,,0,1,0.329167,0.32575,0.594583,0.220775,724,1408,2132,Springer,13.495847,Clear
72,2011-03-13,1,0,Mar,0,,0,1,0.384348,0.380091,0.527391,0.270604,982,1435,2417,Springer,15.758268000000001,Clear
73,2011-03-14,1,0,Mar,0,,1,1,0.325217,0.332,0.496957,0.136926,359,1687,2046,Springer,13.333896999999999,Clear
74,2011-03-15,1,0,Mar,0,,1,2,0.317391,0.318178,0.655652,0.184309,289,1767,2056,Springer,13.013031,Mist
75,2011-03-16,1,0,Mar,0,,1,2,0.365217,0.36693,0.776522,0.203117,321,1871,2192,Springer,14.973897000000001,Mist
76,2011-03-17,1,0,Mar,0,,1,1,0.415,0.410333,0.602917,0.209579,424,2320,2744,Springer,17.015,Clear
77,2011-03-18,1,0,Mar,0,,1,1,0.54,0.527009,0.525217,0.231017,884,2355,3239,Springer,22.14,Clear
78,2011-03-19,1,0,Mar,0,,0,1,0.4725,0.466525,0.379167,0.368167,1424,1693,3117,Springer,19.3725,Clear
79,2011-03-20,1,0,Mar,0,,0,1,0.3325,0.32575,0.47375,0.207721,1047,1424,2471,Springer,13.6325,Clear
80,2011-03-21,2,0,Mar,0,,1,2,0.430435,0.409735,0.737391,0.288783,401,1676,2077,Summer,17.647835,Mist
81,2011-03-22,2,0,Mar,0,,1,1,0.441667,0.440642,0.624583,0.22575,460,2243,2703,Summer,18.108347,Clear
82,2011-03-23,2,0,Mar,0,,1,2,0.346957,0.337939,0.839565,0.234261,203,1918,2121,Summer,14.225237,Mist
83,2011-03-24,2,0,Mar,0,,1,2,0.285,0.270833,0.805833,0.243787,166,1699,1865,Summer,11.684999999999999,Mist
84,2011-03-25,2,0,Mar,0,,1,1,0.264167,0.256312,0.495,0.230725,300,1910,2210,Summer,10.830846999999999,Clear
85,2011-03-26,2,0,Mar,0,,0,1,0.265833,0.257571,0.394167,0.209571,981,1515,2496,Summer,10.899153,Clear
86,2011-03-27,2,0,Mar,0,,0,2,0.253043,0.250339,0.493913,0.1843,472,1221,1693,Summer,10.374763000000002,Mist
87,2011-03-28,2,0,Mar,0,,1,1,0.264348,0.257574,0.302174,0.212204,222,1806,2028,Summer,10.838268000000001,Clear
88,2011-03-29,2,0,Mar,0,,1,1,0.3025,0.292908,0.314167,0.226996,317,2108,2425,Summer,12.4025,Clear
89,2011-03-30,2,0,Mar,0,,1,2,0.3,0.29735,0.646667,0.172888,168,1368,1536,Summer,12.299999999999999,Mist
90,2011-03-31,2,0,Mar,0,,1,3,0.268333,0.257575,0.918333,0.217646,179,1506,1685,Summer,11.001653,Light Rain
91,2011-04-01,2,0,Apr,0,,1,2,0.3,0.283454,0.68625,0.258708,307,1920,2227,Summer,12.299999999999999,Mist
92,2011-04-02,2,0,Apr,0,,0,2,0.315,0.315637,0.65375,0.197146,898,1354,2252,Summer,12.915000000000001,Mist
93,2011-04-03,2,0,Apr,0,,0,1,0.378333,0.378767,0.48,0.182213,1651,1598,3249,Summer,15.511652999999999,Clear
94,2011-04-04,2,0,Apr,0,,1,1,0.573333,0.542929,0.42625,0.385571,734,2381,3115,Summer,23.506653,Clear
95,2011-04-05,2,0,Apr,0,,1,2,0.414167,0.39835,0.642083,0.388067,167,1628,1795,Summer,16.980847,Mist
96,2011-04-06,2,0,Apr,0,,1,1,0.390833,0.387608,0.470833,0.263063,413,2395,2808,Summer,16.024153,Clear
97,2011-04-07,2,0,Apr,0,,1,1,0.4375,0.433696,0.602917,0.162312,571,2570,3141,Summer,17.9375,Clear
98,2011-04-08,2,0,Apr,0,,1,2,0.335833,0.324479,0.83625,0.226992,172,1299,1471,Summer,13.769153,Mist
99,2011-04-09,2,0,Apr,0,,0,2,0.3425,0.341529,0.8775,0.133083,879,1576,2455,Summer,14.0425,Mist
100,2011-04-10,2,0,Apr,0,,0,2,0.426667,0.426737,0.8575,0.146767,1188,1707,2895,Summer,17.493347,Mist
101,2011-04-11,2,0,Apr,0,,1,2,0.595652,0.565217,0.716956,0.324474,855,2493,3348,Summer,24.421732,Mist
102,2011-04-12,2,0,Apr,0,,1,2,0.5025,0.493054,0.739167,0.274879,257,1777,2034,Summer,20.6025,Mist
103,2011-04-13,2,0,Apr,0,,1,2,0.4125,0.417283,0.819167,0.250617,209,1953,2162,Summer,16.912499999999998,Mist
104,2011-04-14,2,0,Apr,0,,1,1,0.4675,0.462742,0.540417,0.1107,529,2738,3267,Summer,19.1675,Clear
105,2011-04-15,2,0,Apr,1,,0,1,0.446667,0.441913,0.67125,0.226375,642,2484,3126,Summer,18.313347,Clear
106,2011-04-16,2,0,Apr,0,,0,3,0.430833,0.425492,0.888333,0.340808,121,674,795,Summer,17.664153000000002,Light Rain
107,2011-04-17,2,0,Apr,0,,0,1,0.456667,0.445696,0.479583,0.303496,1558,2186,3744,Summer,18.723347,Clear
108,2011-04-18,2,0,Apr,0,,1,1,0.5125,0.503146,0.5425,0.163567,669,2760,3429,Summer,21.0125,Clear
109,2011-04-19,2,0,Apr,0,,1,2,0.505833,0.489258,0.665833,0.157971,409,2795,3204,Summer,20.739152999999998,Mist
110,2011-04-20,2,0,Apr,0,,1,1,0.595,0.564392,0.614167,0.241925,613,3331,3944,Summer,24.395,Clear
111,2011-04-21,2,0,Apr,0,,1,1,0.459167,0.453892,0.407083,0.325258,745,3444,4189,Summer,18.825847,Clear
112,2011-04-22,2,0,Apr,0,,1,2,0.336667,0.321954,0.729583,0.219521,177,1506,1683,Summer,13.803347,Mist
113,2011-04-23,2,0,Apr,0,,0,2,0.46,0.450121,0.887917,0.230725,1462,2574,4036,Summer,18.86,Mist
114,2011-04-24,2,0,Apr,0,,0,2,0.581667,0.551763,0.810833,0.192175,1710,2481,4191,Summer,23.848347,Mist
115,2011-04-25,2,0,Apr,0,,1,1,0.606667,0.5745,0.776667,0.185333,773,3300,4073,Summer,24.873347,Clear
116,2011-04-26,2,0,Apr,0,,1,1,0.631667,0.594083,0.729167,0.3265,678,3722,4400,Summer,25.898346999999998,Clear
117,2011-04-27,2,0,Apr,0,,1,2,0.62,0.575142,0.835417,0.3122,547,3325,3872,Summer,25.419999999999998,Mist
118,2011-04-28,2,0,Apr,0,,1,2,0.6175,0.578929,0.700833,0.320908,569,3489,4058,Summer,25.317500000000003,Mist
119,2011-04-29,2,0,Apr,0,,1,1,0.51,0.497463,0.457083,0.240063,878,3717,4595,Summer,20.91,Clear
120,2011-04-30,2,0,Apr,0,,0,1,0.4725,0.464021,0.503333,0.235075,1965,3347,5312,Summer,19.3725,Clear
121,2011-05-01,2,0,May,0,,0,2,0.451667,0.448204,0.762083,0.106354,1138,2213,3351,Summer,18.518347,Mist
122,2011-05-02,2,0,May,0,,1,2,0.549167,0.532833,0.73,0.183454,847,3554,4401,Summer,22.515846999999997,Mist
123,2011-05-03,2,0,May,0,,1,2,0.616667,0.582079,0.697083,0.342667,603,3848,4451,Summer,25.283347,Mist
124,2011-05-04,2,0,May,0,,1,2,0.414167,0.40465,0.737083,0.328996,255,2378,2633,Summer,16.980847,Mist
125,2011-05-05,2,0,May,0,,1,1,0.459167,0.441917,0.444167,0.295392,614,3819,4433,Summer,18.825847,Clear
126,2011-05-06,2,0,May,0,,1,1,0.479167,0.474117,0.59,0.228246,894,3714,4608,Summer,19.645847,Clear
127,2011-05-07,2,0,May,0,,0,1,0.52,0.512621,0.54125,0.16045,1612,3102,4714,Summer,21.32,Clear
128,2011-05-08,2,0,May,0,,0,1,0.528333,0.518933,0.631667,0.0746375,1401,2932,4333,Summer,21.661653,Clear
129,2011-05-09,2,0,May,0,,1,1,0.5325,0.525246,0.58875,0.176,664,3698,4362,Summer,21.8325,Clear
130,2011-05-10,2,0,May,0,,1,1,0.5325,0.522721,0.489167,0.115671,694,4109,4803,Summer,21.8325,Clear
131,2011-05-11,2,0,May,0,,1,1,0.5425,0.5284,0.632917,0.120642,550,3632,4182,Summer,22.2425,Clear
132,2011-05-12,2,0,May,0,,1,1,0.535,0.523363,0.7475,0.189667,695,4169,4864,Summer,21.935000000000002,Clear
133,2011-05-13,2,0,May,0,,1,2,0.5125,0.4943,0.863333,0.179725,692,3413,4105,Summer,21.0125,Mist
134,2011-05-14,2,0,May,0,,0,2,0.520833,0.500629,0.9225,0.13495,902,2507,3409,Summer,21.354153,Mist
135,2011-05-15,2,0,May,0,,0,2,0.5625,0.536,0.867083,0.152979,1582,2971,4553,Summer,23.0625,Mist
136,2011-05-16,2,0,May,0,,1,1,0.5775,0.550512,0.787917,0.126871,773,3185,3958,Summer,23.677500000000002,Clear
137,2011-05-17,2,0,May,0,,1,2,0.561667,0.538529,0.837917,0.277354,678,3445,4123,Summer,23.028347,Mist
138,2011-05-18,2,0,May,0,,1,2,0.55,0.527158,0.87,0.201492,536,3319,3855,Summer,22.55,Mist
139,2011-05-19,2,0,May,0,,1,2,0.530833,0.510742,0.829583,0.108213,735,3840,4575,Summer,21.764153,Mist
140,2011-05-20,2,0,May,0,,1,1,0.536667,0.529042,0.719583,0.125013,909,4008,4917,Summer,22.003347,Clear
141,2011-05-21,2,0,May,0,,0,1,0.6025,0.571975,0.626667,0.12065,2258,3547,5805,Summer,24.7025,Clear
142,2011-05-22,2,0,May,0,,0,1,0.604167,0.5745,0.749583,0.148008,1576,3084,4660,Summer,24.770847,Clear
143,2011-05-23,2,0,May,0,,1,2,0.631667,0.590296,0.81,0.233842,836,3438,4274,Summer,25.898346999999998,Mist
144,2011-05-24,2,0,May,0,,1,2,0.66,0.604813,0.740833,0.207092,659,3833,4492,Summer,27.060000000000002,Mist
145,2011-05-25,2,0,May,0,,1,1,0.660833,0.615542,0.69625,0.154233,740,4238,4978,Summer,27.094153,Clear
146,2011-05-26,2,0,May,0,,1,1,0.708333,0.654688,0.6775,0.199642,758,3919,4677,Summer,29.041653,Clear
147,2011-05-27,2,0,May,0,,1,1,0.681667,0.637008,0.65375,0.240679,871,3808,4679,Summer,27.948347000000002,Clear
148,2011-05-28,2,0,May,0,,0,1,0.655833,0.612379,0.729583,0.230092,2001,2757,4758,Summer,26.889153,Clear
149,2011-05-29,2,0,May,0,,0,1,0.6675,0.61555,0.81875,0.213938,2355,2433,4788,Summer,27.3675,Clear
150,2011-05-30,2,0,May,1,,0,1,0.733333,0.671092,0.685,0.131225,1549,2549,4098,Summer,30.066653000000002,Clear
151,2011-05-31,2,0,May,0,,1,1,0.775,0.725383,0.636667,0.111329,673,3309,3982,Summer,31.775000000000002,Clear
152,2011-06-01,2,0,Jun,0,,1,2,0.764167,0.720967,0.677083,0.207092,513,3461,3974,Summer,31.330847000000002,Mist
153,2011-06-02,2,0,Jun,0,,1,1,0.715,0.643942,0.305,0.292287,736,4232,4968,Summer,29.314999999999998,Clear
154,2011-06-03,2,0,Jun,0,,1,1,0.62,0.587133,0.354167,0.253121,898,4414,5312,Summer,25.419999999999998,Clear
155,2011-06-04,2,0,Jun,0,,0,1,0.635,0.594696,0.45625,0.123142,1869,3473,5342,Summer,26.035,Clear
156,2011-06-05,2,0,Jun,0,,0,2,0.648333,0.616804,0.6525,0.138692,1685,3221,4906,Summer,26.581653000000003,Mist
157,2011-06-06,2,0,Jun,0,,1,1,0.678333,0.621858,0.6,0.121896,673,3875,4548,Summer,27.811653,Clear
158,2011-06-07,2,0,Jun,0,,1,1,0.7075,0.65595,0.597917,0.187808,763,4070,4833,Summer,29.0075,Clear
159,2011-06-08,2,0,Jun,0,,1,1,0.775833,0.727279,0.622083,0.136817,676,3725,4401,Summer,31.809153,Clear
160,2011-06-09,2,0,Jun,0,,1,2,0.808333,0.757579,0.568333,0.149883,563,3352,3915,Summer,33.141653,Mist
161,2011-06-10,2,0,Jun,0,,1,1,0.755,0.703292,0.605,0.140554,815,3771,4586,Summer,30.955000000000002,Clear
162,2011-06-11,2,0,Jun,0,,0,1,0.725,0.678038,0.654583,0.15485,1729,3237,4966,Summer,29.724999999999998,Clear
163,2011-06-12,2,0,Jun,0,,0,1,0.6925,0.643325,0.747917,0.163567,1467,2993,4460,Summer,28.392500000000002,Clear
164,2011-06-13,2,0,Jun,0,,1,1,0.635,0.601654,0.494583,0.30535,863,4157,5020,Summer,26.035,Clear
165,2011-06-14,2,0,Jun,0,,1,1,0.604167,0.591546,0.507083,0.269283,727,4164,4891,Summer,24.770847,Clear
166,2011-06-15,2,0,Jun,0,,1,1,0.626667,0.587754,0.471667,0.167912,769,4411,5180,Summer,25.693347,Clear
167,2011-06-16,2,0,Jun,0,,1,2,0.628333,0.595346,0.688333,0.206471,545,3222,3767,Summer,25.761653000000003,Mist
168,2011-06-17,2,0,Jun,0,,1,1,0.649167,0.600383,0.735833,0.143029,863,3981,4844,Summer,26.615847000000002,Clear
169,2011-06-18,2,0,Jun,0,,0,1,0.696667,0.643954,0.670417,0.119408,1807,3312,5119,Summer,28.563347,Clear
170,2011-06-19,2,0,Jun,0,,0,2,0.699167,0.645846,0.666667,0.102,1639,3105,4744,Summer,28.665847,Mist
171,2011-06-20,2,0,Jun,0,,1,2,0.635,0.595346,0.74625,0.155475,699,3311,4010,Summer,26.035,Mist
172,2011-06-21,3,0,Jun,0,,1,2,0.680833,0.637646,0.770417,0.171025,774,4061,4835,Fall,27.914153000000002,Mist
173,2011-06-22,3,0,Jun,0,,1,1,0.733333,0.693829,0.7075,0.172262,661,3846,4507,Fall,30.066653000000002,Clear
174,2011-06-23,3,0,Jun,0,,1,2,0.728333,0.693833,0.703333,0.238804,746,4044,4790,Fall,29.861653,Mist
175,2011-06-24,3,0,Jun,0,,1,1,0.724167,0.656583,0.573333,0.222025,969,4022,4991,Fall,29.690847,Clear
176,2011-06-25,3,0,Jun,0,,0,1,0.695,0.643313,0.483333,0.209571,1782,3420,5202,Fall,28.494999999999997,Clear
177,2011-06-26,3,0,Jun,0,,0,1,0.68,0.637629,0.513333,0.0945333,1920,3385,5305,Fall,27.880000000000003,Clear
178,2011-06-27,3,0,Jun,0,,1,2,0.6825,0.637004,0.658333,0.107588,854,3854,4708,Fall,27.982499999999998,Mist
179,2011-06-28,3,0,Jun,0,,1,1,0.744167,0.692558,0.634167,0.144283,732,3916,4648,Fall,30.510847000000002,Clear
180,2011-06-29,3,0,Jun,0,,1,1,0.728333,0.654688,0.497917,0.261821,848,4377,5225,Fall,29.861653,Clear
181,2011-06-30,3,0,Jun,0,,1,1,0.696667,0.637008,0.434167,0.185312,1027,4488,5515,Fall,28.563347,Clear
182,2011-07-01,3,0,Jul,0,,1,1,0.7225,0.652162,0.39625,0.102608,1246,4116,5362,Fall,29.622500000000002,Clear
183,2011-07-02,3,0,Jul,0,,0,1,0.738333,0.667308,0.444583,0.115062,2204,2915,5119,Fall,30.271653,Clear
184,2011-07-03,3,0,Jul,0,,0,2,0.716667,0.668575,0.6825,0.228858,2282,2367,4649,Fall,29.383347,Mist
185,2011-07-04,3,0,Jul,1,,0,2,0.726667,0.665417,0.637917,0.0814792,3065,2978,6043,Fall,29.793346999999997,Mist
186,2011-07-05,3,0,Jul,0,,1,1,0.746667,0.696338,0.590417,0.126258,1031,3634,4665,Fall,30.613346999999997,Clear
187,2011-07-06,3,0,Jul,0,,1,1,0.72,0.685633,0.743333,0.149883,784,3845,4629,Fall,29.52,Clear
188,2011-07-07,3,0,Jul,0,,1,1,0.75,0.686871,0.65125,0.1592,754,3838,4592,Fall,30.75,Clear
189,2011-07-08,3,0,Jul,0,,1,2,0.709167,0.670483,0.757917,0.225129,692,3348,4040,Fall,29.075847,Mist
190,2011-07-09,3,0,Jul,0,,0,1,0.733333,0.664158,0.609167,0.167912,1988,3348,5336,Fall,30.066653000000002,Clear
191,2011-07-10,3,0,Jul,0,,0,1,0.7475,0.690025,0.578333,0.183471,1743,3138,4881,Fall,30.6475,Clear
192,2011-07-11,3,0,Jul,0,,1,1,0.7625,0.729804,0.635833,0.282337,723,3363,4086,Fall,31.2625,Clear
193,2011-07-12,3,0,Jul,0,,1,1,0.794167,0.739275,0.559167,0.200254,662,3596,4258,Fall,32.560846999999995,Clear
194,2011-07-13,3,0,Jul,0,,1,1,0.746667,0.689404,0.631667,0.146133,748,3594,4342,Fall,30.613346999999997,Clear
195,2011-07-14,3,0,Jul,0,,1,1,0.680833,0.635104,0.47625,0.240667,888,4196,5084,Fall,27.914153000000002,Clear
196,2011-07-15,3,0,Jul,0,,1,1,0.663333,0.624371,0.59125,0.182833,1318,4220,5538,Fall,27.196652999999998,Clear
197,2011-07-16,3,0,Jul,0,,0,1,0.686667,0.638263,0.585,0.208342,2418,3505,5923,Fall,28.153347,Clear
198,2011-07-17,3,0,Jul,0,,0,1,0.719167,0.669833,0.604167,0.245033,2006,3296,5302,Fall,29.485847,Clear
199,2011-07-18,3,0,Jul,0,,1,1,0.746667,0.703925,0.65125,0.215804,841,3617,4458,Fall,30.613346999999997,Clear
200,2011-07-19,3,0,Jul,0,,1,1,0.776667,0.747479,0.650417,0.1306,752,3789,4541,Fall,31.843347,Clear
201,2011-07-20,3,0,Jul,0,,1,1,0.768333,0.74685,0.707083,0.113817,644,3688,4332,Fall,31.501653,Clear
202,2011-07-21,3,0,Jul,0,,1,2,0.815,0.826371,0.69125,0.222021,632,3152,3784,Fall,33.415,Mist
203,2011-07-22,3,0,Jul,0,,1,1,0.848333,0.840896,0.580417,0.1331,562,2825,3387,Fall,34.781653,Clear
204,2011-07-23,3,0,Jul,0,,0,1,0.849167,0.804287,0.5,0.131221,987,2298,3285,Fall,34.815847,Clear
205,2011-07-24,3,0,Jul,0,,0,1,0.83,0.794829,0.550833,0.169171,1050,2556,3606,Fall,34.03,Clear
206,2011-07-25,3,0,Jul,0,,1,1,0.743333,0.720958,0.757083,0.0908083,568,3272,3840,Fall,30.476653000000002,Clear
207,2011-07-26,3,0,Jul,0,,1,1,0.771667,0.696979,0.540833,0.200258,750,3840,4590,Fall,31.638347,Clear
208,2011-07-27,3,0,Jul,0,,1,1,0.775,0.690667,0.402917,0.183463,755,3901,4656,Fall,31.775000000000002,Clear
209,2011-07-28,3,0,Jul,0,,1,1,0.779167,0.7399,0.583333,0.178479,606,3784,4390,Fall,31.945847,Clear
210,2011-07-29,3,0,Jul,0,,1,1,0.838333,0.785967,0.5425,0.174138,670,3176,3846,Fall,34.371653,Clear
211,2011-07-30,3,0,Jul,0,,0,1,0.804167,0.728537,0.465833,0.168537,1559,2916,4475,Fall,32.970847,Clear
212,2011-07-31,3,0,Jul,0,,0,1,0.805833,0.729796,0.480833,0.164813,1524,2778,4302,Fall,33.039153,Clear
213,2011-08-01,3,0,Aug,0,,1,1,0.771667,0.703292,0.550833,0.156717,729,3537,4266,Fall,31.638347,Clear
214,2011-08-02,3,0,Aug,0,,1,1,0.783333,0.707071,0.49125,0.20585,801,4044,4845,Fall,32.116653,Clear
215,2011-08-03,3,0,Aug,0,,1,2,0.731667,0.679937,0.6575,0.135583,467,3107,3574,Fall,29.998347,Mist
216,2011-08-04,3,0,Aug,0,,1,2,0.71,0.664788,0.7575,0.19715,799,3777,4576,Fall,29.11,Mist
217,2011-08-05,3,0,Aug,0,,1,1,0.710833,0.656567,0.630833,0.184696,1023,3843,4866,Fall,29.144153000000003,Clear
218,2011-08-06,3,0,Aug,0,,0,2,0.716667,0.676154,0.755,0.22825,1521,2773,4294,Fall,29.383347,Mist
219,2011-08-07,3,0,Aug,0,,0,1,0.7425,0.715292,0.752917,0.201487,1298,2487,3785,Fall,30.442500000000003,Clear
220,2011-08-08,3,0,Aug,0,,1,1,0.765,0.703283,0.592083,0.192175,846,3480,4326,Fall,31.365000000000002,Clear
221,2011-08-09,3,0,Aug,0,,1,1,0.775,0.724121,0.570417,0.151121,907,3695,4602,Fall,31.775000000000002,Clear
222,2011-08-10,3,0,Aug,0,,1,1,0.766667,0.684983,0.424167,0.200258,884,3896,4780,Fall,31.433346999999998,Clear
223,2011-08-11,3,0,Aug,0,,1,1,0.7175,0.651521,0.42375,0.164796,812,3980,4792,Fall,29.4175,Clear
224,2011-08-12,3,0,Aug,0,,1,1,0.708333,0.654042,0.415,0.125621,1051,3854,4905,Fall,29.041653,Clear
225,2011-08-13,3,0,Aug,0,,0,2,0.685833,0.645858,0.729583,0.211454,1504,2646,4150,Fall,28.119153,Mist
226,2011-08-14,3,0,Aug,0,,0,2,0.676667,0.624388,0.8175,0.222633,1338,2482,3820,Fall,27.743347,Mist
227,2011-08-15,3,0,Aug,0,,1,1,0.665833,0.616167,0.712083,0.208954,775,3563,4338,Fall,27.299153,Clear
228,2011-08-16,3,0,Aug,0,,1,1,0.700833,0.645837,0.578333,0.236329,721,4004,4725,Fall,28.734153000000003,Clear
229,2011-08-17,3,0,Aug,0,,1,1,0.723333,0.666671,0.575417,0.143667,668,4026,4694,Fall,29.656653,Clear
230,2011-08-18,3,0,Aug,0,,1,1,0.711667,0.662258,0.654583,0.233208,639,3166,3805,Fall,29.178347000000002,Clear
231,2011-08-19,3,0,Aug,0,,1,2,0.685,0.633221,0.722917,0.139308,797,3356,4153,Fall,28.085,Mist
232,2011-08-20,3,0,Aug,0,,0,1,0.6975,0.648996,0.674167,0.104467,1914,3277,5191,Fall,28.5975,Clear
233,2011-08-21,3,0,Aug,0,,0,1,0.710833,0.675525,0.77,0.248754,1249,2624,3873,Fall,29.144153000000003,Clear
234,2011-08-22,3,0,Aug,0,,1,1,0.691667,0.638254,0.47,0.27675,833,3925,4758,Fall,28.358347000000002,Clear
235,2011-08-23,3,0,Aug,0,,1,1,0.640833,0.606067,0.455417,0.146763,1281,4614,5895,Fall,26.274153,Clear
236,2011-08-24,3,0,Aug,0,,1,1,0.673333,0.630692,0.605,0.253108,949,4181,5130,Fall,27.606652999999998,Clear
237,2011-08-25,3,0,Aug,0,,1,2,0.684167,0.645854,0.771667,0.210833,435,3107,3542,Fall,28.050846999999997,Mist
238,2011-08-26,3,0,Aug,0,,1,1,0.7,0.659733,0.76125,0.0839625,768,3893,4661,Fall,28.7,Clear
239,2011-08-27,3,0,Aug,0,,0,2,0.68,0.635556,0.85,0.375617,226,889,1115,Fall,27.880000000000003,Mist
240,2011-08-28,3,0,Aug,0,,0,1,0.707059,0.647959,0.561765,0.304659,1415,2919,4334,Fall,28.989418999999998,Clear
241,2011-08-29,3,0,Aug,0,,1,1,0.636667,0.607958,0.554583,0.159825,729,3905,4634,Fall,26.103347,Clear
242,2011-08-30,3,0,Aug,0,,1,1,0.639167,0.594704,0.548333,0.125008,775,4429,5204,Fall,26.205847000000002,Clear
243,2011-08-31,3,0,Aug,0,,1,1,0.656667,0.611121,0.597917,0.0833333,688,4370,5058,Fall,26.923347,Clear
244,2011-09-01,3,0,Sep,0,,1,1,0.655,0.614921,0.639167,0.141796,783,4332,5115,Fall,26.855,Clear
245,2011-09-02,3,0,Sep,0,,1,2,0.643333,0.604808,0.727083,0.139929,875,3852,4727,Fall,26.376653,Mist
246,2011-09-03,3,0,Sep,0,,0,1,0.669167,0.633213,0.716667,0.185325,1935,2549,4484,Fall,27.435847,Clear
247,2011-09-04,3,0,Sep,0,,0,1,0.709167,0.665429,0.742083,0.206467,2521,2419,4940,Fall,29.075847,Clear
248,2011-09-05,3,0,Sep,1,,0,2,0.673333,0.625646,0.790417,0.212696,1236,2115,3351,Fall,27.606652999999998,Mist
249,2011-09-06,3,0,Sep,0,,1,3,0.54,0.5152,0.886957,0.343943,204,2506,2710,Fall,22.14,Light Rain
250,2011-09-07,3,0,Sep,0,,1,3,0.599167,0.544229,0.917083,0.0970208,118,1878,1996,Fall,24.565847,Light Rain
251,2011-09-08,3,0,Sep,0,,1,3,0.633913,0.555361,0.939565,0.192748,153,1689,1842,Fall,25.990433,Light Rain
252,2011-09-09,3,0,Sep,0,,1,2,0.65,0.578946,0.897917,0.124379,417,3127,3544,Fall,26.650000000000002,Mist
253,2011-09-10,3,0,Sep,0,,0,1,0.66,0.607962,0.75375,0.153608,1750,3595,5345,Fall,27.060000000000002,Clear
254,2011-09-11,3,0,Sep,0,,0,1,0.653333,0.609229,0.71375,0.115054,1633,3413,5046,Fall,26.786653,Clear
255,2011-09-12,3,0,Sep,0,,1,1,0.644348,0.60213,0.692174,0.088913,690,4023,4713,Fall,26.418268,Clear
256,2011-09-13,3,0,Sep,0,,1,1,0.650833,0.603554,0.7125,0.141804,701,4062,4763,Fall,26.684153,Clear
257,2011-09-14,3,0,Sep,0,,1,1,0.673333,0.6269,0.697083,0.1673,647,4138,4785,Fall,27.606652999999998,Clear
258,2011-09-15,3,0,Sep,0,,1,2,0.5775,0.553671,0.709167,0.271146,428,3231,3659,Fall,23.677500000000002,Mist
259,2011-09-16,3,0,Sep,0,,1,2,0.469167,0.461475,0.590417,0.164183,742,4018,4760,Fall,19.235847,Mist
260,2011-09-17,3,0,Sep,0,,0,2,0.491667,0.478512,0.718333,0.189675,1434,3077,4511,Fall,20.158347,Mist
261,2011-09-18,3,0,Sep,0,,0,1,0.5075,0.490537,0.695,0.178483,1353,2921,4274,Fall,20.807499999999997,Clear
262,2011-09-19,3,0,Sep,0,,1,2,0.549167,0.529675,0.69,0.151742,691,3848,4539,Fall,22.515846999999997,Mist
263,2011-09-20,3,0,Sep,0,,1,2,0.561667,0.532217,0.88125,0.134954,438,3203,3641,Fall,23.028347,Mist
264,2011-09-21,3,0,Sep,0,,1,2,0.595,0.550533,0.9,0.0964042,539,3813,4352,Fall,24.395,Mist
265,2011-09-22,3,0,Sep,0,,1,2,0.628333,0.554963,0.902083,0.128125,555,4240,4795,Fall,25.761653000000003,Mist
266,2011-09-23,4,0,Sep,0,,1,2,0.609167,0.522125,0.9725,0.0783667,258,2137,2395,Winter,24.975847,Mist
267,2011-09-24,4,0,Sep,0,,0,2,0.606667,0.564412,0.8625,0.0783833,1776,3647,5423,Winter,24.873347,Mist
268,2011-09-25,4,0,Sep,0,,0,2,0.634167,0.572637,0.845,0.0503792,1544,3466,5010,Winter,26.000847,Mist
269,2011-09-26,4,0,Sep,0,,1,2,0.649167,0.589042,0.848333,0.1107,684,3946,4630,Winter,26.615847000000002,Mist
270,2011-09-27,4,0,Sep,0,,1,2,0.636667,0.574525,0.885417,0.118171,477,3643,4120,Winter,26.103347,Mist
271,2011-09-28,4,0,Sep,0,,1,2,0.635,0.575158,0.84875,0.148629,480,3427,3907,Winter,26.035,Mist
272,2011-09-29,4,0,Sep,0,,1,1,0.616667,0.574512,0.699167,0.172883,653,4186,4839,Winter,25.283347,Clear
273,2011-09-30,4,0,Sep,0,,1,1,0.564167,0.544829,0.6475,0.206475,830,4372,5202,Winter,23.130847,Clear
274,2011-10-01,4,0,Oct,0,,0,2,0.41,0.412863,0.75375,0.292296,480,1949,2429,Winter,16.81,Mist
275,2011-10-02,4,0,Oct,0,,0,2,0.356667,0.345317,0.791667,0.222013,616,2302,2918,Winter,14.623347,Mist
276,2011-10-03,4,0,Oct,0,,1,2,0.384167,0.392046,0.760833,0.0833458,330,3240,3570,Winter,15.750846999999998,Mist
277,2011-10-04,4,0,Oct,0,,1,1,0.484167,0.472858,0.71,0.205854,486,3970,4456,Winter,19.850847,Clear
278,2011-10-05,4,0,Oct,0,,1,1,0.538333,0.527138,0.647917,0.17725,559,4267,4826,Winter,22.071652999999998,Clear
279,2011-10-06,4,0,Oct,0,,1,1,0.494167,0.480425,0.620833,0.134954,639,4126,4765,Winter,20.260847000000002,Clear
280,2011-10-07,4,0,Oct,0,,1,1,0.510833,0.504404,0.684167,0.0223917,949,4036,4985,Winter,20.944153,Clear
281,2011-10-08,4,0,Oct,0,,0,1,0.521667,0.513242,0.70125,0.0454042,2235,3174,5409,Winter,21.388347,Clear
282,2011-10-09,4,0,Oct,0,,0,1,0.540833,0.523983,0.7275,0.06345,2397,3114,5511,Winter,22.174153,Clear
283,2011-10-10,4,0,Oct,1,,0,1,0.570833,0.542925,0.73375,0.0423042,1514,3603,5117,Winter,23.404153,Clear
284,2011-10-11,4,0,Oct,0,,1,2,0.566667,0.546096,0.80875,0.143042,667,3896,4563,Winter,23.233347000000002,Mist
285,2011-10-12,4,0,Oct,0,,1,3,0.543333,0.517717,0.90625,0.24815,217,2199,2416,Winter,22.276653,Light Rain
286,2011-10-13,4,0,Oct,0,,1,2,0.589167,0.551804,0.896667,0.141787,290,2623,2913,Winter,24.155847,Mist
287,2011-10-14,4,0,Oct,0,,1,2,0.550833,0.529675,0.71625,0.223883,529,3115,3644,Winter,22.584153,Mist
288,2011-10-15,4,0,Oct,0,,0,1,0.506667,0.498725,0.483333,0.258083,1899,3318,5217,Winter,20.773346999999998,Clear
289,2011-10-16,4,0,Oct,0,,0,1,0.511667,0.503154,0.486667,0.281717,1748,3293,5041,Winter,20.978347,Clear
290,2011-10-17,4,0,Oct,0,,1,1,0.534167,0.510725,0.579583,0.175379,713,3857,4570,Winter,21.900847,Clear
291,2011-10-18,4,0,Oct,0,,1,2,0.5325,0.522721,0.701667,0.110087,637,4111,4748,Winter,21.8325,Mist
292,2011-10-19,4,0,Oct,0,,1,3,0.541739,0.513848,0.895217,0.243339,254,2170,2424,Winter,22.211299,Light Rain
293,2011-10-20,4,0,Oct,0,,1,1,0.475833,0.466525,0.63625,0.422275,471,3724,4195,Winter,19.509153,Clear
294,2011-10-21,4,0,Oct,0,,1,1,0.4275,0.423596,0.574167,0.221396,676,3628,4304,Winter,17.5275,Clear
295,2011-10-22,4,0,Oct,0,,0,1,0.4225,0.425492,0.629167,0.0926667,1499,2809,4308,Winter,17.322499999999998,Clear
296,2011-10-23,4,0,Oct,0,,0,1,0.421667,0.422333,0.74125,0.0995125,1619,2762,4381,Winter,17.288347,Clear
297,2011-10-24,4,0,Oct,0,,1,1,0.463333,0.457067,0.772083,0.118792,699,3488,4187,Winter,18.996653,Clear
298,2011-10-25,4,0,Oct,0,,1,1,0.471667,0.463375,0.622917,0.166658,695,3992,4687,Winter,19.338347,Clear
299,2011-10-26,4,0,Oct,0,,1,2,0.484167,0.472846,0.720417,0.148642,404,3490,3894,Winter,19.850847,Mist
300,2011-10-27,4,0,Oct,0,,1,2,0.47,0.457046,0.812917,0.197763,240,2419,2659,Winter,19.27,Mist
301,2011-10-28,4,0,Oct,0,,1,2,0.330833,0.318812,0.585833,0.229479,456,3291,3747,Winter,13.564153,Mist
302,2011-10-29,4,0,Oct,0,,0,3,0.254167,0.227913,0.8825,0.351371,57,570,627,Winter,10.420846999999998,Light Rain
303,2011-10-30,4,0,Oct,0,,0,1,0.319167,0.321329,0.62375,0.176617,885,2446,3331,Winter,13.085847,Clear
304,2011-10-31,4,0,Oct,0,,1,1,0.34,0.356063,0.703333,0.10635,362,3307,3669,Winter,13.940000000000001,Clear
305,2011-11-01,4,0,Nov,0,,1,1,0.400833,0.397088,0.68375,0.135571,410,3658,4068,Winter,16.434153,Clear
306,2011-11-02,4,0,Nov,0,,1,1,0.3775,0.390133,0.71875,0.0820917,370,3816,4186,Winter,15.477500000000001,Clear
307,2011-11-03,4,0,Nov,0,,1,1,0.408333,0.405921,0.702083,0.136817,318,3656,3974,Winter,16.741653,Clear
308,2011-11-04,4,0,Nov,0,,1,2,0.403333,0.403392,0.6225,0.271779,470,3576,4046,Winter,16.536653,Mist
309,2011-11-05,4,0,Nov,0,,0,1,0.326667,0.323854,0.519167,0.189062,1156,2770,3926,Winter,13.393346999999999,Clear
310,2011-11-06,4,0,Nov,0,,0,1,0.348333,0.362358,0.734583,0.0920542,952,2697,3649,Winter,14.281653,Clear
311,2011-11-07,4,0,Nov,0,,1,1,0.395,0.400871,0.75875,0.057225,373,3662,4035,Winter,16.195,Clear
312,2011-11-08,4,0,Nov,0,,1,1,0.408333,0.412246,0.721667,0.0690375,376,3829,4205,Winter,16.741653,Clear
313,2011-11-09,4,0,Nov,0,,1,1,0.4,0.409079,0.758333,0.0621958,305,3804,4109,Winter,16.400000000000002,Clear
314,2011-11-10,4,0,Nov,0,,1,2,0.38,0.373721,0.813333,0.189067,190,2743,2933,Winter,15.58,Mist
315,2011-11-11,4,0,Nov,1,,0,1,0.324167,0.306817,0.44625,0.314675,440,2928,3368,Winter,13.290847,Clear
316,2011-11-12,4,0,Nov,0,,0,1,0.356667,0.357942,0.552917,0.212062,1275,2792,4067,Winter,14.623347,Clear
317,2011-11-13,4,0,Nov,0,,0,1,0.440833,0.43055,0.458333,0.281721,1004,2713,3717,Winter,18.074153,Clear
318,2011-11-14,4,0,Nov,0,,1,1,0.53,0.524612,0.587083,0.306596,595,3891,4486,Winter,21.73,Clear
319,2011-11-15,4,0,Nov,0,,1,2,0.53,0.507579,0.68875,0.199633,449,3746,4195,Winter,21.73,Mist
320,2011-11-16,4,0,Nov,0,,1,3,0.456667,0.451988,0.93,0.136829,145,1672,1817,Winter,18.723347,Light Rain
321,2011-11-17,4,0,Nov,0,,1,2,0.341667,0.323221,0.575833,0.305362,139,2914,3053,Winter,14.008347,Mist
322,2011-11-18,4,0,Nov,0,,1,1,0.274167,0.272721,0.41,0.168533,245,3147,3392,Winter,11.240847,Clear
323,2011-11-19,4,0,Nov,0,,0,1,0.329167,0.324483,0.502083,0.224496,943,2720,3663,Winter,13.495847,Clear
324,2011-11-20,4,0,Nov,0,,0,2,0.463333,0.457058,0.684583,0.18595,787,2733,3520,Winter,18.996653,Mist
325,2011-11-21,4,0,Nov,0,,1,3,0.4475,0.445062,0.91,0.138054,220,2545,2765,Winter,18.3475,Light Rain
326,2011-11-22,4,0,Nov,0,,1,3,0.416667,0.421696,0.9625,0.118792,69,1538,1607,Winter,17.083347,Light Rain
327,2011-11-23,4,0,Nov,0,,1,2,0.440833,0.430537,0.757917,0.335825,112,2454,2566,Winter,18.074153,Mist
328,2011-11-24,4,0,Nov,1,,0,1,0.373333,0.372471,0.549167,0.167304,560,935,1495,Winter,15.306653,Clear
329,2011-11-25,4,0,Nov,0,,1,1,0.375,0.380671,0.64375,0.0988958,1095,1697,2792,Winter,15.375,Clear
330,2011-11-26,4,0,Nov,0,,0,1,0.375833,0.385087,0.681667,0.0684208,1249,1819,3068,Winter,15.409152999999998,Clear
331,2011-11-27,4,0,Nov,0,,0,1,0.459167,0.4558,0.698333,0.208954,810,2261,3071,Winter,18.825847,Clear
332,2011-11-28,4,0,Nov,0,,1,1,0.503478,0.490122,0.743043,0.142122,253,3614,3867,Winter,20.642598,Clear
333,2011-11-29,4,0,Nov,0,,1,2,0.458333,0.451375,0.830833,0.258092,96,2818,2914,Winter,18.791653,Mist
334,2011-11-30,4,0,Nov,0,,1,1,0.325,0.311221,0.613333,0.271158,188,3425,3613,Winter,13.325000000000001,Clear
335,2011-12-01,4,0,Dec,0,,1,1,0.3125,0.305554,0.524583,0.220158,182,3545,3727,Winter,12.8125,Clear
336,2011-12-02,4,0,Dec,0,,1,1,0.314167,0.331433,0.625833,0.100754,268,3672,3940,Winter,12.880847,Clear
337,2011-12-03,4,0,Dec,0,,0,1,0.299167,0.310604,0.612917,0.0957833,706,2908,3614,Winter,12.265847,Clear
338,2011-12-04,4,0,Dec,0,,0,1,0.330833,0.3491,0.775833,0.0839583,634,2851,3485,Winter,13.564153,Clear
339,2011-12-05,4,0,Dec,0,,1,2,0.385833,0.393925,0.827083,0.0622083,233,3578,3811,Winter,15.819153,Mist
340,2011-12-06,4,0,Dec,0,,1,3,0.4625,0.4564,0.949583,0.232583,126,2468,2594,Winter,18.962500000000002,Light Rain
341,2011-12-07,4,0,Dec,0,,1,3,0.41,0.400246,0.970417,0.266175,50,655,705,Winter,16.81,Light Rain
342,2011-12-08,4,0,Dec,0,,1,1,0.265833,0.256938,0.58,0.240058,150,3172,3322,Winter,10.899153,Clear
343,2011-12-09,4,0,Dec,0,,1,1,0.290833,0.317542,0.695833,0.0827167,261,3359,3620,Winter,11.924153,Clear
344,2011-12-10,4,0,Dec,0,,0,1,0.275,0.266412,0.5075,0.233221,502,2688,3190,Winter,11.275,Clear
345,2011-12-11,4,0,Dec,0,,0,1,0.220833,0.253154,0.49,0.0665417,377,2366,2743,Winter,9.054153,Clear
346,2011-12-12,4,0,Dec,0,,1,1,0.238333,0.270196,0.670833,0.06345,143,3167,3310,Winter,9.771652999999999,Clear
347,2011-12-13,4,0,Dec,0,,1,1,0.2825,0.301138,0.59,0.14055,155,3368,3523,Winter,11.5825,Clear
348,2011-12-14,4,0,Dec,0,,1,2,0.3175,0.338362,0.66375,0.0609583,178,3562,3740,Winter,13.0175,Mist
349,2011-12-15,4,0,Dec,0,,1,2,0.4225,0.412237,0.634167,0.268042,181,3528,3709,Winter,17.322499999999998,Mist
350,2011-12-16,4,0,Dec,0,,1,2,0.375,0.359825,0.500417,0.260575,178,3399,3577,Winter,15.375,Mist
351,2011-12-17,4,0,Dec,0,,0,2,0.258333,0.249371,0.560833,0.243167,275,2464,2739,Winter,10.591652999999999,Mist
352,2011-12-18,4,0,Dec,0,,0,1,0.238333,0.245579,0.58625,0.169779,220,2211,2431,Winter,9.771652999999999,Clear
353,2011-12-19,4,0,Dec,0,,1,1,0.276667,0.280933,0.6375,0.172896,260,3143,3403,Winter,11.343347,Clear
354,2011-12-20,4,0,Dec,0,,1,2,0.385833,0.396454,0.595417,0.0615708,216,3534,3750,Winter,15.819153,Mist
355,2011-12-21,1,0,Dec,0,,1,2,0.428333,0.428017,0.858333,0.2214,107,2553,2660,Springer,17.561653,Mist
356,2011-12-22,1,0,Dec,0,,1,2,0.423333,0.426121,0.7575,0.047275,227,2841,3068,Springer,17.356653,Mist
357,2011-12-23,1,0,Dec,0,,1,1,0.373333,0.377513,0.68625,0.274246,163,2046,2209,Springer,15.306653,Clear
358,2011-12-24,1,0,Dec,0,,0,1,0.3025,0.299242,0.5425,0.190304,155,856,1011,Springer,12.4025,Clear
359,2011-12-25,1,0,Dec,0,,0,1,0.274783,0.279961,0.681304,0.155091,303,451,754,Springer,11.266103,Clear
360,2011-12-26,1,0,Dec,1,,0,1,0.321739,0.315535,0.506957,0.239465,430,887,1317,Springer,13.191299,Clear
361,2011-12-27,1,0,Dec,0,,1,2,0.325,0.327633,0.7625,0.18845,103,1059,1162,Springer,13.325000000000001,Mist
362,2011-12-28,1,0,Dec,0,,1,1,0.29913,0.279974,0.503913,0.293961,255,2047,2302,Springer,12.264330000000001,Clear
363,2011-12-29,1,0,Dec,0,,1,1,0.248333,0.263892,0.574167,0.119412,254,2169,2423,Springer,10.181653,Clear
364,2011-12-30,1,0,Dec,0,,1,1,0.311667,0.318812,0.636667,0.134337,491,2508,2999,Springer,12.778347000000002,Clear
365,2011-12-31,1,0,Dec,0,,0,1,0.41,0.414121,0.615833,0.220154,665,1820,2485,Springer,16.81,Clear
366,2012-01-01,1,1,Jan,0,,0,1,0.37,0.375621,0.6925,0.192167,686,1608,2294,Springer,15.17,Clear
367,2012-01-02,1,1,Jan,1,,0,1,0.273043,0.252304,0.381304,0.329665,244,1707,1951,Springer,11.194763,Clear
368,2012-01-03,1,1,Jan,0,,1,1,0.15,0.126275,0.44125,0.365671,89,2147,2236,Springer,6.1499999999999995,Clear
369,2012-01-04,1,1,Jan,0,,1,2,0.1075,0.119337,0.414583,0.1847,95,2273,2368,Springer,4.4075,Mist
370,2012-01-05,1,1,Jan,0,,1,1,0.265833,0.278412,0.524167,0.129987,140,3132,3272,Springer,10.899153,Clear
371,2012-01-06,1,1,Jan,0,,1,1,0.334167,0.340267,0.542083,0.167908,307,3791,4098,Springer,13.700847,Clear
372,2012-01-07,1,1,Jan,0,,0,1,0.393333,0.390779,0.531667,0.174758,1070,3451,4521,Springer,16.126653,Clear
373,2012-01-08,1,1,Jan,0,,0,1,0.3375,0.340258,0.465,0.191542,599,2826,3425,Springer,13.8375,Clear
374,2012-01-09,1,1,Jan,0,,1,2,0.224167,0.247479,0.701667,0.0989,106,2270,2376,Springer,9.190847,Mist
375,2012-01-10,1,1,Jan,0,,1,1,0.308696,0.318826,0.646522,0.187552,173,3425,3598,Springer,12.656536000000001,Clear
376,2012-01-11,1,1,Jan,0,,1,2,0.274167,0.282821,0.8475,0.131221,92,2085,2177,Springer,11.240847,Mist
377,2012-01-12,1,1,Jan,0,,1,2,0.3825,0.381938,0.802917,0.180967,269,3828,4097,Springer,15.682500000000001,Mist
378,2012-01-13,1,1,Jan,0,,1,1,0.274167,0.249362,0.5075,0.378108,174,3040,3214,Springer,11.240847,Clear
379,2012-01-14,1,1,Jan,0,,0,1,0.18,0.183087,0.4575,0.187183,333,2160,2493,Springer,7.38,Clear
380,2012-01-15,1,1,Jan,0,,0,1,0.166667,0.161625,0.419167,0.251258,284,2027,2311,Springer,6.833347000000001,Clear
381,2012-01-16,1,1,Jan,1,,0,1,0.19,0.190663,0.5225,0.231358,217,2081,2298,Springer,7.79,Clear
382,2012-01-17,1,1,Jan,0,,1,2,0.373043,0.364278,0.716087,0.34913,127,2808,2935,Springer,15.294763,Mist
383,2012-01-18,1,1,Jan,0,,1,1,0.303333,0.275254,0.443333,0.415429,109,3267,3376,Springer,12.436653000000002,Clear
384,2012-01-19,1,1,Jan,0,,1,1,0.19,0.190038,0.4975,0.220158,130,3162,3292,Springer,7.79,Clear
385,2012-01-20,1,1,Jan,0,,1,2,0.2175,0.220958,0.45,0.20275,115,3048,3163,Springer,8.9175,Mist
386,2012-01-21,1,1,Jan,0,,0,2,0.173333,0.174875,0.83125,0.222642,67,1234,1301,Springer,7.106653,Mist
387,2012-01-22,1,1,Jan,0,,0,2,0.1625,0.16225,0.79625,0.199638,196,1781,1977,Springer,6.6625000000000005,Mist
388,2012-01-23,1,1,Jan,0,,1,2,0.218333,0.243058,0.91125,0.110708,145,2287,2432,Springer,8.951653,Mist
389,2012-01-24,1,1,Jan,0,,1,1,0.3425,0.349108,0.835833,0.123767,439,3900,4339,Springer,14.0425,Clear
390,2012-01-25,1,1,Jan,0,,1,1,0.294167,0.294821,0.64375,0.161071,467,3803,4270,Springer,12.060847,Clear
391,2012-01-26,1,1,Jan,0,,1,2,0.341667,0.35605,0.769583,0.0733958,244,3831,4075,Springer,14.008347,Mist
392,2012-01-27,1,1,Jan,0,,1,2,0.425,0.415383,0.74125,0.342667,269,3187,3456,Springer,17.425,Mist
393,2012-01-28,1,1,Jan,0,,0,1,0.315833,0.326379,0.543333,0.210829,775,3248,4023,Springer,12.949152999999999,Clear
394,2012-01-29,1,1,Jan,0,,0,1,0.2825,0.272721,0.31125,0.24005,558,2685,3243,Springer,11.5825,Clear
395,2012-01-30,1,1,Jan,0,,1,1,0.269167,0.262625,0.400833,0.215792,126,3498,3624,Springer,11.035847,Clear
396,2012-01-31,1,1,Jan,0,,1,1,0.39,0.381317,0.416667,0.261817,324,4185,4509,Springer,15.99,Clear
397,2012-02-01,1,1,Feb,0,,1,1,0.469167,0.466538,0.507917,0.189067,304,4275,4579,Springer,19.235847,Clear
398,2012-02-02,1,1,Feb,0,,1,2,0.399167,0.398971,0.672917,0.187187,190,3571,3761,Springer,16.365847,Mist
399,2012-02-03,1,1,Feb,0,,1,1,0.313333,0.309346,0.526667,0.178496,310,3841,4151,Springer,12.846652999999998,Clear
400,2012-02-04,1,1,Feb,0,,0,2,0.264167,0.272725,0.779583,0.121896,384,2448,2832,Springer,10.830846999999999,Mist
401,2012-02-05,1,1,Feb,0,,0,2,0.265833,0.264521,0.687917,0.175996,318,2629,2947,Springer,10.899153,Mist
402,2012-02-06,1,1,Feb,0,,1,1,0.282609,0.296426,0.622174,0.1538,206,3578,3784,Springer,11.586969,Clear
403,2012-02-07,1,1,Feb,0,,1,1,0.354167,0.361104,0.49625,0.147379,199,4176,4375,Springer,14.520847,Clear
404,2012-02-08,1,1,Feb,0,,1,2,0.256667,0.266421,0.722917,0.133721,109,2693,2802,Springer,10.523347,Mist
405,2012-02-09,1,1,Feb,0,,1,1,0.265,0.261988,0.562083,0.194037,163,3667,3830,Springer,10.865,Clear
406,2012-02-10,1,1,Feb,0,,1,2,0.280833,0.293558,0.54,0.116929,227,3604,3831,Springer,11.514153,Mist
407,2012-02-11,1,1,Feb,0,,0,3,0.224167,0.210867,0.73125,0.289796,192,1977,2169,Springer,9.190847,Light Rain
408,2012-02-12,1,1,Feb,0,,0,1,0.1275,0.101658,0.464583,0.409212,73,1456,1529,Springer,5.2275,Clear
409,2012-02-13,1,1,Feb,0,,1,1,0.2225,0.227913,0.41125,0.167283,94,3328,3422,Springer,9.1225,Clear
410,2012-02-14,1,1,Feb,0,,1,2,0.319167,0.333946,0.50875,0.141179,135,3787,3922,Springer,13.085847,Mist
411,2012-02-15,1,1,Feb,0,,1,1,0.348333,0.351629,0.53125,0.1816,141,4028,4169,Springer,14.281653,Clear
412,2012-02-16,1,1,Feb,0,,1,2,0.316667,0.330162,0.752917,0.091425,74,2931,3005,Springer,12.983346999999998,Mist
413,2012-02-17,1,1,Feb,0,,1,1,0.343333,0.351629,0.634583,0.205846,349,3805,4154,Springer,14.076653,Clear
414,2012-02-18,1,1,Feb,0,,0,1,0.346667,0.355425,0.534583,0.190929,1435,2883,4318,Springer,14.213347,Clear
415,2012-02-19,1,1,Feb,0,,0,2,0.28,0.265788,0.515833,0.253112,618,2071,2689,Springer,11.48,Mist
416,2012-02-20,1,1,Feb,1,,0,1,0.28,0.273391,0.507826,0.229083,502,2627,3129,Springer,11.48,Clear
417,2012-02-21,1,1,Feb,0,,1,1,0.287826,0.295113,0.594348,0.205717,163,3614,3777,Springer,11.800866000000001,Clear
418,2012-02-22,1,1,Feb,0,,1,1,0.395833,0.392667,0.567917,0.234471,394,4379,4773,Springer,16.229153,Clear
419,2012-02-23,1,1,Feb,0,,1,1,0.454167,0.444446,0.554583,0.190913,516,4546,5062,Springer,18.620846999999998,Clear
420,2012-02-24,1,1,Feb,0,,1,2,0.4075,0.410971,0.7375,0.237567,246,3241,3487,Springer,16.7075,Mist
421,2012-02-25,1,1,Feb,0,,0,1,0.290833,0.255675,0.395833,0.421642,317,2415,2732,Springer,11.924153,Clear
422,2012-02-26,1,1,Feb,0,,0,1,0.279167,0.268308,0.41,0.205229,515,2874,3389,Springer,11.445847,Clear
423,2012-02-27,1,1,Feb,0,,1,1,0.366667,0.357954,0.490833,0.268033,253,4069,4322,Springer,15.033347000000001,Clear
424,2012-02-28,1,1,Feb,0,,1,1,0.359167,0.353525,0.395833,0.193417,229,4134,4363,Springer,14.725847,Clear
425,2012-02-29,1,1,Feb,0,,1,2,0.344348,0.34847,0.804783,0.179117,65,1769,1834,Springer,14.118267999999999,Mist
426,2012-03-01,1,1,Mar,0,,1,1,0.485833,0.475371,0.615417,0.226987,325,4665,4990,Springer,19.919153,Clear
427,2012-03-02,1,1,Mar,0,,1,2,0.353333,0.359842,0.657083,0.144904,246,2948,3194,Springer,14.486653,Mist
428,2012-03-03,1,1,Mar,0,,0,2,0.414167,0.413492,0.62125,0.161079,956,3110,4066,Springer,16.980847,Mist
429,2012-03-04,1,1,Mar,0,,0,1,0.325833,0.303021,0.403333,0.334571,710,2713,3423,Springer,13.359153,Clear
430,2012-03-05,1,1,Mar,0,,1,1,0.243333,0.241171,0.50625,0.228858,203,3130,3333,Springer,9.976652999999999,Clear
431,2012-03-06,1,1,Mar,0,,1,1,0.258333,0.255042,0.456667,0.200875,221,3735,3956,Springer,10.591652999999999,Clear
432,2012-03-07,1,1,Mar,0,,1,1,0.404167,0.3851,0.513333,0.345779,432,4484,4916,Springer,16.570847,Clear
433,2012-03-08,1,1,Mar,0,,1,1,0.5275,0.524604,0.5675,0.441563,486,4896,5382,Springer,21.627499999999998,Clear
434,2012-03-09,1,1,Mar,0,,1,2,0.410833,0.397083,0.407083,0.4148,447,4122,4569,Springer,16.844153,Mist
435,2012-03-10,1,1,Mar,0,,0,1,0.2875,0.277767,0.350417,0.22575,968,3150,4118,Springer,11.7875,Clear
436,2012-03-11,1,1,Mar,0,,0,1,0.361739,0.35967,0.476957,0.222587,1658,3253,4911,Springer,14.831299,Clear
437,2012-03-12,1,1,Mar,0,,1,1,0.466667,0.459592,0.489167,0.207713,838,4460,5298,Springer,19.133347,Clear
438,2012-03-13,1,1,Mar,0,,1,1,0.565,0.542929,0.6175,0.23695,762,5085,5847,Springer,23.165,Clear
439,2012-03-14,1,1,Mar,0,,1,1,0.5725,0.548617,0.507083,0.115062,997,5315,6312,Springer,23.4725,Clear
440,2012-03-15,1,1,Mar,0,,1,1,0.5575,0.532825,0.579583,0.149883,1005,5187,6192,Springer,22.857499999999998,Clear
441,2012-03-16,1,1,Mar,0,,1,2,0.435833,0.436229,0.842083,0.113192,548,3830,4378,Springer,17.869153,Mist
442,2012-03-17,1,1,Mar,0,,0,2,0.514167,0.505046,0.755833,0.110704,3155,4681,7836,Springer,21.080847000000002,Mist
443,2012-03-18,1,1,Mar,0,,0,2,0.4725,0.464,0.81,0.126883,2207,3685,5892,Springer,19.3725,Mist
444,2012-03-19,1,1,Mar,0,,1,1,0.545,0.532821,0.72875,0.162317,982,5171,6153,Springer,22.345000000000002,Clear
445,2012-03-20,1,1,Mar,0,,1,1,0.560833,0.538533,0.807917,0.121271,1051,5042,6093,Springer,22.994153,Clear
446,2012-03-21,2,1,Mar,0,,1,2,0.531667,0.513258,0.82125,0.0895583,1122,5108,6230,Summer,21.798347,Mist
447,2012-03-22,2,1,Mar,0,,1,1,0.554167,0.531567,0.83125,0.117562,1334,5537,6871,Summer,22.720847,Clear
448,2012-03-23,2,1,Mar,0,,1,2,0.601667,0.570067,0.694167,0.1163,2469,5893,8362,Summer,24.668346999999997,Mist
449,2012-03-24,2,1,Mar,0,,0,2,0.5025,0.486733,0.885417,0.192783,1033,2339,3372,Summer,20.6025,Mist
450,2012-03-25,2,1,Mar,0,,0,2,0.4375,0.437488,0.880833,0.220775,1532,3464,4996,Summer,17.9375,Mist
451,2012-03-26,2,1,Mar,0,,1,1,0.445833,0.43875,0.477917,0.386821,795,4763,5558,Summer,18.279153,Clear
452,2012-03-27,2,1,Mar,0,,1,1,0.323333,0.315654,0.29,0.187192,531,4571,5102,Summer,13.256653,Clear
453,2012-03-28,2,1,Mar,0,,1,1,0.484167,0.47095,0.48125,0.291671,674,5024,5698,Summer,19.850847,Clear
454,2012-03-29,2,1,Mar,0,,1,1,0.494167,0.482304,0.439167,0.31965,834,5299,6133,Summer,20.260847000000002,Clear
455,2012-03-30,2,1,Mar,0,,1,2,0.37,0.375621,0.580833,0.138067,796,4663,5459,Summer,15.17,Mist
456,2012-03-31,2,1,Mar,0,,0,2,0.424167,0.421708,0.738333,0.250617,2301,3934,6235,Summer,17.390847,Mist
457,2012-04-01,2,1,Apr,0,,0,2,0.425833,0.417287,0.67625,0.172267,2347,3694,6041,Summer,17.459153,Mist
458,2012-04-02,2,1,Apr,0,,1,1,0.433913,0.427513,0.504348,0.312139,1208,4728,5936,Summer,17.790433,Clear
459,2012-04-03,2,1,Apr,0,,1,1,0.466667,0.461483,0.396667,0.100133,1348,5424,6772,Summer,19.133347,Clear
460,2012-04-04,2,1,Apr,0,,1,1,0.541667,0.53345,0.469583,0.180975,1058,5378,6436,Summer,22.208347,Clear
461,2012-04-05,2,1,Apr,0,,1,1,0.435,0.431163,0.374167,0.219529,1192,5265,6457,Summer,17.835,Clear
462,2012-04-06,2,1,Apr,0,,1,1,0.403333,0.390767,0.377083,0.300388,1807,4653,6460,Summer,16.536653,Clear
463,2012-04-07,2,1,Apr,0,,0,1,0.4375,0.426129,0.254167,0.274871,3252,3605,6857,Summer,17.9375,Clear
464,2012-04-08,2,1,Apr,0,,0,1,0.5,0.492425,0.275833,0.232596,2230,2939,5169,Summer,20.5,Clear
465,2012-04-09,2,1,Apr,0,,1,1,0.489167,0.476638,0.3175,0.358196,905,4680,5585,Summer,20.055847,Clear
466,2012-04-10,2,1,Apr,0,,1,1,0.446667,0.436233,0.435,0.249375,819,5099,5918,Summer,18.313347,Clear
467,2012-04-11,2,1,Apr,0,,1,1,0.348696,0.337274,0.469565,0.295274,482,4380,4862,Summer,14.296536,Clear
468,2012-04-12,2,1,Apr,0,,1,1,0.3975,0.387604,0.46625,0.290429,663,4746,5409,Summer,16.2975,Clear
469,2012-04-13,2,1,Apr,0,,1,1,0.4425,0.431808,0.408333,0.155471,1252,5146,6398,Summer,18.142500000000002,Clear
470,2012-04-14,2,1,Apr,0,,0,1,0.495,0.487996,0.502917,0.190917,2795,4665,7460,Summer,20.294999999999998,Clear
471,2012-04-15,2,1,Apr,0,,0,1,0.606667,0.573875,0.507917,0.225129,2846,4286,7132,Summer,24.873347,Clear
472,2012-04-16,2,1,Apr,1,,0,1,0.664167,0.614925,0.561667,0.284829,1198,5172,6370,Summer,27.230846999999997,Clear
473,2012-04-17,2,1,Apr,0,,1,1,0.608333,0.598487,0.390417,0.273629,989,5702,6691,Summer,24.941653000000002,Clear
474,2012-04-18,2,1,Apr,0,,1,2,0.463333,0.457038,0.569167,0.167912,347,4020,4367,Summer,18.996653,Mist
475,2012-04-19,2,1,Apr,0,,1,1,0.498333,0.493046,0.6125,0.0659292,846,5719,6565,Summer,20.431653,Clear
476,2012-04-20,2,1,Apr,0,,1,1,0.526667,0.515775,0.694583,0.149871,1340,5950,7290,Summer,21.593347,Clear
477,2012-04-21,2,1,Apr,0,,0,1,0.57,0.542921,0.682917,0.283587,2541,4083,6624,Summer,23.369999999999997,Clear
478,2012-04-22,2,1,Apr,0,,0,3,0.396667,0.389504,0.835417,0.344546,120,907,1027,Summer,16.263347,Light Rain
479,2012-04-23,2,1,Apr,0,,1,2,0.321667,0.301125,0.766667,0.303496,195,3019,3214,Summer,13.188346999999998,Mist
480,2012-04-24,2,1,Apr,0,,1,1,0.413333,0.405283,0.454167,0.249383,518,5115,5633,Summer,16.946653,Clear
481,2012-04-25,2,1,Apr,0,,1,1,0.476667,0.470317,0.427917,0.118792,655,5541,6196,Summer,19.543347,Clear
482,2012-04-26,2,1,Apr,0,,1,2,0.498333,0.483583,0.756667,0.176625,475,4551,5026,Summer,20.431653,Mist
483,2012-04-27,2,1,Apr,0,,1,1,0.4575,0.452637,0.400833,0.347633,1014,5219,6233,Summer,18.7575,Clear
484,2012-04-28,2,1,Apr,0,,0,2,0.376667,0.377504,0.489583,0.129975,1120,3100,4220,Summer,15.443347,Mist
485,2012-04-29,2,1,Apr,0,,0,1,0.458333,0.450121,0.587083,0.116908,2229,4075,6304,Summer,18.791653,Clear
486,2012-04-30,2,1,Apr,0,,1,2,0.464167,0.457696,0.57,0.171638,665,4907,5572,Summer,19.030847,Mist
487,2012-05-01,2,1,May,0,,1,2,0.613333,0.577021,0.659583,0.156096,653,5087,5740,Summer,25.146653,Mist
488,2012-05-02,2,1,May,0,,1,1,0.564167,0.537896,0.797083,0.138058,667,5502,6169,Summer,23.130847,Clear
489,2012-05-03,2,1,May,0,,1,2,0.56,0.537242,0.768333,0.133696,764,5657,6421,Summer,22.96,Mist
490,2012-05-04,2,1,May,0,,1,1,0.6275,0.590917,0.735417,0.162938,1069,5227,6296,Summer,25.7275,Clear
491,2012-05-05,2,1,May,0,,0,2,0.621667,0.584608,0.756667,0.152992,2496,4387,6883,Summer,25.488346999999997,Mist
492,2012-05-06,2,1,May,0,,0,2,0.5625,0.546737,0.74,0.149879,2135,4224,6359,Summer,23.0625,Mist
493,2012-05-07,2,1,May,0,,1,2,0.5375,0.527142,0.664167,0.230721,1008,5265,6273,Summer,22.037499999999998,Mist
494,2012-05-08,2,1,May,0,,1,2,0.581667,0.557471,0.685833,0.296029,738,4990,5728,Summer,23.848347,Mist
495,2012-05-09,2,1,May,0,,1,2,0.575,0.553025,0.744167,0.216412,620,4097,4717,Summer,23.575,Mist
496,2012-05-10,2,1,May,0,,1,1,0.505833,0.491783,0.552083,0.314063,1026,5546,6572,Summer,20.739152999999998,Clear
497,2012-05-11,2,1,May,0,,1,1,0.533333,0.520833,0.360417,0.236937,1319,5711,7030,Summer,21.866653,Clear
498,2012-05-12,2,1,May,0,,0,1,0.564167,0.544817,0.480417,0.123133,2622,4807,7429,Summer,23.130847,Clear
499,2012-05-13,2,1,May,0,,0,1,0.6125,0.585238,0.57625,0.225117,2172,3946,6118,Summer,25.1125,Clear
500,2012-05-14,2,1,May,0,,1,2,0.573333,0.5499,0.789583,0.212692,342,2501,2843,Summer,23.506653,Mist
501,2012-05-15,2,1,May,0,,1,2,0.611667,0.576404,0.794583,0.147392,625,4490,5115,Summer,25.078346999999997,Mist
502,2012-05-16,2,1,May,0,,1,1,0.636667,0.595975,0.697917,0.122512,991,6433,7424,Summer,26.103347,Clear
503,2012-05-17,2,1,May,0,,1,1,0.593333,0.572613,0.52,0.229475,1242,6142,7384,Summer,24.326653,Clear
504,2012-05-18,2,1,May,0,,1,1,0.564167,0.551121,0.523333,0.136817,1521,6118,7639,Summer,23.130847,Clear
505,2012-05-19,2,1,May,0,,0,1,0.6,0.566908,0.45625,0.083975,3410,4884,8294,Summer,24.599999999999998,Clear
506,2012-05-20,2,1,May,0,,0,1,0.620833,0.583967,0.530417,0.254367,2704,4425,7129,Summer,25.454152999999998,Clear
507,2012-05-21,2,1,May,0,,1,2,0.598333,0.565667,0.81125,0.233204,630,3729,4359,Summer,24.531653,Mist
508,2012-05-22,2,1,May,0,,1,2,0.615,0.580825,0.765833,0.118167,819,5254,6073,Summer,25.215,Mist
509,2012-05-23,2,1,May,0,,1,2,0.621667,0.584612,0.774583,0.102,766,4494,5260,Summer,25.488346999999997,Mist
510,2012-05-24,2,1,May,0,,1,1,0.655,0.6067,0.716667,0.172896,1059,5711,6770,Summer,26.855,Clear
511,2012-05-25,2,1,May,0,,1,1,0.68,0.627529,0.747083,0.14055,1417,5317,6734,Summer,27.880000000000003,Clear
512,2012-05-26,2,1,May,0,,0,1,0.6925,0.642696,0.7325,0.198992,2855,3681,6536,Summer,28.392500000000002,Clear
513,2012-05-27,2,1,May,0,,0,1,0.69,0.641425,0.697083,0.215171,3283,3308,6591,Summer,28.29,Clear
514,2012-05-28,2,1,May,1,,0,1,0.7125,0.6793,0.67625,0.196521,2557,3486,6043,Summer,29.212500000000002,Clear
515,2012-05-29,2,1,May,0,,1,1,0.7225,0.672992,0.684583,0.2954,880,4863,5743,Summer,29.622500000000002,Clear
516,2012-05-30,2,1,May,0,,1,2,0.656667,0.611129,0.67,0.134329,745,6110,6855,Summer,26.923347,Mist
517,2012-05-31,2,1,May,0,,1,1,0.68,0.631329,0.492917,0.195279,1100,6238,7338,Summer,27.880000000000003,Clear
518,2012-06-01,2,1,Jun,0,,1,2,0.654167,0.607962,0.755417,0.237563,533,3594,4127,Summer,26.820847,Mist
519,2012-06-02,2,1,Jun,0,,0,1,0.583333,0.566288,0.549167,0.186562,2795,5325,8120,Summer,23.916653,Clear
520,2012-06-03,2,1,Jun,0,,0,1,0.6025,0.575133,0.493333,0.184087,2494,5147,7641,Summer,24.7025,Clear
521,2012-06-04,2,1,Jun,0,,1,1,0.5975,0.578283,0.487083,0.284833,1071,5927,6998,Summer,24.497500000000002,Clear
522,2012-06-05,2,1,Jun,0,,1,2,0.540833,0.525892,0.613333,0.209575,968,6033,7001,Summer,22.174153,Mist
523,2012-06-06,2,1,Jun,0,,1,1,0.554167,0.542292,0.61125,0.077125,1027,6028,7055,Summer,22.720847,Clear
524,2012-06-07,2,1,Jun,0,,1,1,0.6025,0.569442,0.567083,0.15735,1038,6456,7494,Summer,24.7025,Clear
525,2012-06-08,2,1,Jun,0,,1,1,0.649167,0.597862,0.467917,0.175383,1488,6248,7736,Summer,26.615847000000002,Clear
526,2012-06-09,2,1,Jun,0,,0,1,0.710833,0.648367,0.437083,0.144287,2708,4790,7498,Summer,29.144153000000003,Clear
527,2012-06-10,2,1,Jun,0,,0,1,0.726667,0.663517,0.538333,0.133721,2224,4374,6598,Summer,29.793346999999997,Clear
528,2012-06-11,2,1,Jun,0,,1,2,0.720833,0.659721,0.587917,0.207713,1017,5647,6664,Summer,29.554153,Mist
529,2012-06-12,2,1,Jun,0,,1,2,0.653333,0.597875,0.833333,0.214546,477,4495,4972,Summer,26.786653,Mist
530,2012-06-13,2,1,Jun,0,,1,1,0.655833,0.611117,0.582083,0.343279,1173,6248,7421,Summer,26.889153,Clear
531,2012-06-14,2,1,Jun,0,,1,1,0.648333,0.624383,0.569583,0.253733,1180,6183,7363,Summer,26.581653000000003,Clear
532,2012-06-15,2,1,Jun,0,,1,1,0.639167,0.599754,0.589583,0.176617,1563,6102,7665,Summer,26.205847000000002,Clear
533,2012-06-16,2,1,Jun,0,,0,1,0.631667,0.594708,0.504167,0.166667,2963,4739,7702,Summer,25.898346999999998,Clear
534,2012-06-17,2,1,Jun,0,,0,1,0.5925,0.571975,0.59875,0.144904,2634,4344,6978,Summer,24.2925,Clear
535,2012-06-18,2,1,Jun,0,,1,2,0.568333,0.544842,0.777917,0.174746,653,4446,5099,Summer,23.301652999999998,Mist
536,2012-06-19,2,1,Jun,0,,1,1,0.688333,0.654692,0.69,0.148017,968,5857,6825,Summer,28.221653,Clear
537,2012-06-20,2,1,Jun,0,,1,1,0.7825,0.720975,0.592083,0.113812,872,5339,6211,Summer,32.082499999999996,Clear
538,2012-06-21,3,1,Jun,0,,1,1,0.805833,0.752542,0.567917,0.118787,778,5127,5905,Fall,33.039153,Clear
539,2012-06-22,3,1,Jun,0,,1,1,0.7775,0.724121,0.57375,0.182842,964,4859,5823,Fall,31.877499999999998,Clear
540,2012-06-23,3,1,Jun,0,,0,1,0.731667,0.652792,0.534583,0.179721,2657,4801,7458,Fall,29.998347,Clear
541,2012-06-24,3,1,Jun,0,,0,1,0.743333,0.674254,0.479167,0.145525,2551,4340,6891,Fall,30.476653000000002,Clear
542,2012-06-25,3,1,Jun,0,,1,1,0.715833,0.654042,0.504167,0.300383,1139,5640,6779,Fall,29.349153,Clear
543,2012-06-26,3,1,Jun,0,,1,1,0.630833,0.594704,0.373333,0.347642,1077,6365,7442,Fall,25.864152999999998,Clear
544,2012-06-27,3,1,Jun,0,,1,1,0.6975,0.640792,0.36,0.271775,1077,6258,7335,Fall,28.5975,Clear
545,2012-06-28,3,1,Jun,0,,1,1,0.749167,0.675512,0.4225,0.17165,921,5958,6879,Fall,30.715847,Clear
546,2012-06-29,3,1,Jun,0,,1,1,0.834167,0.786613,0.48875,0.165417,829,4634,5463,Fall,34.200847,Clear
547,2012-06-30,3,1,Jun,0,,0,1,0.765,0.687508,0.60125,0.161071,1455,4232,5687,Fall,31.365000000000002,Clear
548,2012-07-01,3,1,Jul,0,,0,1,0.815833,0.750629,0.51875,0.168529,1421,4110,5531,Fall,33.449153,Clear
549,2012-07-02,3,1,Jul,0,,1,1,0.781667,0.702038,0.447083,0.195267,904,5323,6227,Fall,32.048347,Clear
550,2012-07-03,3,1,Jul,0,,1,1,0.780833,0.70265,0.492083,0.126237,1052,5608,6660,Fall,32.014153,Clear
551,2012-07-04,3,1,Jul,1,,0,1,0.789167,0.732337,0.53875,0.13495,2562,4841,7403,Fall,32.355847,Clear
552,2012-07-05,3,1,Jul,0,,1,1,0.8275,0.761367,0.457917,0.194029,1405,4836,6241,Fall,33.9275,Clear
553,2012-07-06,3,1,Jul,0,,1,1,0.828333,0.752533,0.450833,0.146142,1366,4841,6207,Fall,33.961653,Clear
554,2012-07-07,3,1,Jul,0,,0,1,0.861667,0.804913,0.492083,0.163554,1448,3392,4840,Fall,35.328347,Clear
555,2012-07-08,3,1,Jul,0,,0,1,0.8225,0.790396,0.57375,0.125629,1203,3469,4672,Fall,33.722500000000004,Clear
556,2012-07-09,3,1,Jul,0,,1,2,0.710833,0.654054,0.683333,0.180975,998,5571,6569,Fall,29.144153000000003,Mist
557,2012-07-10,3,1,Jul,0,,1,2,0.720833,0.664796,0.6675,0.151737,954,5336,6290,Fall,29.554153,Mist
558,2012-07-11,3,1,Jul,0,,1,1,0.716667,0.650271,0.633333,0.151733,975,6289,7264,Fall,29.383347,Clear
559,2012-07-12,3,1,Jul,0,,1,1,0.715833,0.654683,0.529583,0.146775,1032,6414,7446,Fall,29.349153,Clear
560,2012-07-13,3,1,Jul,0,,1,2,0.731667,0.667933,0.485833,0.08085,1511,5988,7499,Fall,29.998347,Mist
561,2012-07-14,3,1,Jul,0,,0,2,0.703333,0.666042,0.699167,0.143679,2355,4614,6969,Fall,28.836653,Mist
562,2012-07-15,3,1,Jul,0,,0,1,0.745833,0.705196,0.717917,0.166667,1920,4111,6031,Fall,30.579152999999998,Clear
563,2012-07-16,3,1,Jul,0,,1,1,0.763333,0.724125,0.645,0.164187,1088,5742,6830,Fall,31.296653000000003,Clear
564,2012-07-17,3,1,Jul,0,,1,1,0.818333,0.755683,0.505833,0.114429,921,5865,6786,Fall,33.551653,Clear
565,2012-07-18,3,1,Jul,0,,1,1,0.793333,0.745583,0.577083,0.137442,799,4914,5713,Fall,32.526652999999996,Clear
566,2012-07-19,3,1,Jul,0,,1,1,0.77,0.714642,0.600417,0.165429,888,5703,6591,Fall,31.57,Clear
567,2012-07-20,3,1,Jul,0,,1,2,0.665833,0.613025,0.844167,0.208967,747,5123,5870,Fall,27.299153,Mist
568,2012-07-21,3,1,Jul,0,,0,3,0.595833,0.549912,0.865417,0.2133,1264,3195,4459,Fall,24.429153,Light Rain
569,2012-07-22,3,1,Jul,0,,0,2,0.6675,0.623125,0.7625,0.0939208,2544,4866,7410,Fall,27.3675,Mist
570,2012-07-23,3,1,Jul,0,,1,1,0.741667,0.690017,0.694167,0.138683,1135,5831,6966,Fall,30.408347,Clear
571,2012-07-24,3,1,Jul,0,,1,1,0.750833,0.70645,0.655,0.211454,1140,6452,7592,Fall,30.784153,Clear
572,2012-07-25,3,1,Jul,0,,1,1,0.724167,0.654054,0.45,0.1648,1383,6790,8173,Fall,29.690847,Clear
573,2012-07-26,3,1,Jul,0,,1,1,0.776667,0.739263,0.596667,0.284813,1036,5825,6861,Fall,31.843347,Clear
574,2012-07-27,3,1,Jul,0,,1,1,0.781667,0.734217,0.594583,0.152992,1259,5645,6904,Fall,32.048347,Clear
575,2012-07-28,3,1,Jul,0,,0,1,0.755833,0.697604,0.613333,0.15735,2234,4451,6685,Fall,30.989152999999998,Clear
576,2012-07-29,3,1,Jul,0,,0,1,0.721667,0.667933,0.62375,0.170396,2153,4444,6597,Fall,29.588347,Clear
577,2012-07-30,3,1,Jul,0,,1,1,0.730833,0.684987,0.66875,0.153617,1040,6065,7105,Fall,29.964153,Clear
578,2012-07-31,3,1,Jul,0,,1,1,0.713333,0.662896,0.704167,0.165425,968,6248,7216,Fall,29.246653,Clear
579,2012-08-01,3,1,Aug,0,,1,1,0.7175,0.667308,0.6775,0.141179,1074,6506,7580,Fall,29.4175,Clear
580,2012-08-02,3,1,Aug,0,,1,1,0.7525,0.707088,0.659583,0.129354,983,6278,7261,Fall,30.8525,Clear
581,2012-08-03,3,1,Aug,0,,1,2,0.765833,0.722867,0.6425,0.215792,1328,5847,7175,Fall,31.399153,Mist
582,2012-08-04,3,1,Aug,0,,0,1,0.793333,0.751267,0.613333,0.257458,2345,4479,6824,Fall,32.526652999999996,Clear
583,2012-08-05,3,1,Aug,0,,0,1,0.769167,0.731079,0.6525,0.290421,1707,3757,5464,Fall,31.535847,Clear
584,2012-08-06,3,1,Aug,0,,1,2,0.7525,0.710246,0.654167,0.129354,1233,5780,7013,Fall,30.8525,Mist
585,2012-08-07,3,1,Aug,0,,1,2,0.735833,0.697621,0.70375,0.116908,1278,5995,7273,Fall,30.169152999999998,Mist
586,2012-08-08,3,1,Aug,0,,1,2,0.75,0.707717,0.672917,0.1107,1263,6271,7534,Fall,30.75,Mist
587,2012-08-09,3,1,Aug,0,,1,1,0.755833,0.699508,0.620417,0.1561,1196,6090,7286,Fall,30.989152999999998,Clear
588,2012-08-10,3,1,Aug,0,,1,2,0.715833,0.667942,0.715833,0.238813,1065,4721,5786,Fall,29.349153,Mist
589,2012-08-11,3,1,Aug,0,,0,2,0.6925,0.638267,0.732917,0.206479,2247,4052,6299,Fall,28.392500000000002,Mist
590,2012-08-12,3,1,Aug,0,,0,1,0.700833,0.644579,0.530417,0.122512,2182,4362,6544,Fall,28.734153000000003,Clear
591,2012-08-13,3,1,Aug,0,,1,1,0.720833,0.662254,0.545417,0.136212,1207,5676,6883,Fall,29.554153,Clear
592,2012-08-14,3,1,Aug,0,,1,1,0.726667,0.676779,0.686667,0.169158,1128,5656,6784,Fall,29.793346999999997,Clear
593,2012-08-15,3,1,Aug,0,,1,1,0.706667,0.654037,0.619583,0.169771,1198,6149,7347,Fall,28.973347,Clear
594,2012-08-16,3,1,Aug,0,,1,1,0.719167,0.654688,0.519167,0.141796,1338,6267,7605,Fall,29.485847,Clear
595,2012-08-17,3,1,Aug,0,,1,1,0.723333,0.2424,0.570833,0.231354,1483,5665,7148,Fall,29.656653,Clear
596,2012-08-18,3,1,Aug,0,,0,1,0.678333,0.618071,0.603333,0.177867,2827,5038,7865,Fall,27.811653,Clear
597,2012-08-19,3,1,Aug,0,,0,2,0.635833,0.603554,0.711667,0.08645,1208,3341,4549,Fall,26.069153,Mist
598,2012-08-20,3,1,Aug,0,,1,2,0.635833,0.595967,0.734167,0.129979,1026,5504,6530,Fall,26.069153,Mist
599,2012-08-21,3,1,Aug,0,,1,1,0.649167,0.601025,0.67375,0.0727708,1081,5925,7006,Fall,26.615847000000002,Clear
600,2012-08-22,3,1,Aug,0,,1,1,0.6675,0.621854,0.677083,0.0702833,1094,6281,7375,Fall,27.3675,Clear
601,2012-08-23,3,1,Aug,0,,1,1,0.695833,0.637008,0.635833,0.0845958,1363,6402,7765,Fall,28.529153,Clear
602,2012-08-24,3,1,Aug,0,,1,2,0.7025,0.6471,0.615,0.0721458,1325,6257,7582,Fall,28.802500000000002,Mist
603,2012-08-25,3,1,Aug,0,,0,2,0.661667,0.618696,0.712917,0.244408,1829,4224,6053,Fall,27.128347,Mist
604,2012-08-26,3,1,Aug,0,,0,2,0.653333,0.595996,0.845833,0.228858,1483,3772,5255,Fall,26.786653,Mist
605,2012-08-27,3,1,Aug,0,,1,1,0.703333,0.654688,0.730417,0.128733,989,5928,6917,Fall,28.836653,Clear
606,2012-08-28,3,1,Aug,0,,1,1,0.728333,0.66605,0.62,0.190925,935,6105,7040,Fall,29.861653,Clear
607,2012-08-29,3,1,Aug,0,,1,1,0.685,0.635733,0.552083,0.112562,1177,6520,7697,Fall,28.085,Clear
608,2012-08-30,3,1,Aug,0,,1,1,0.706667,0.652779,0.590417,0.0771167,1172,6541,7713,Fall,28.973347,Clear
609,2012-08-31,3,1,Aug,0,,1,1,0.764167,0.6894,0.5875,0.168533,1433,5917,7350,Fall,31.330847000000002,Clear
610,2012-09-01,3,1,Sep,0,,0,2,0.753333,0.702654,0.638333,0.113187,2352,3788,6140,Fall,30.886653000000003,Mist
611,2012-09-02,3,1,Sep,0,,0,2,0.696667,0.649,0.815,0.0640708,2613,3197,5810,Fall,28.563347,Mist
612,2012-09-03,3,1,Sep,1,,0,1,0.7075,0.661629,0.790833,0.151121,1965,4069,6034,Fall,29.0075,Clear
613,2012-09-04,3,1,Sep,0,,1,1,0.725833,0.686888,0.755,0.236321,867,5997,6864,Fall,29.759152999999998,Clear
614,2012-09-05,3,1,Sep,0,,1,1,0.736667,0.708983,0.74125,0.187808,832,6280,7112,Fall,30.203346999999997,Clear
615,2012-09-06,3,1,Sep,0,,1,2,0.696667,0.655329,0.810417,0.142421,611,5592,6203,Fall,28.563347,Mist
616,2012-09-07,3,1,Sep,0,,1,1,0.703333,0.657204,0.73625,0.171646,1045,6459,7504,Fall,28.836653,Clear
617,2012-09-08,3,1,Sep,0,,0,2,0.659167,0.611121,0.799167,0.281104,1557,4419,5976,Fall,27.025847,Mist
618,2012-09-09,3,1,Sep,0,,0,1,0.61,0.578925,0.5475,0.224496,2570,5657,8227,Fall,25.009999999999998,Clear
619,2012-09-10,3,1,Sep,0,,1,1,0.583333,0.565654,0.50375,0.258713,1118,6407,7525,Fall,23.916653,Clear
620,2012-09-11,3,1,Sep,0,,1,1,0.5775,0.554292,0.52,0.0920542,1070,6697,7767,Fall,23.677500000000002,Clear
621,2012-09-12,3,1,Sep,0,,1,1,0.599167,0.570075,0.577083,0.131846,1050,6820,7870,Fall,24.565847,Clear
622,2012-09-13,3,1,Sep,0,,1,1,0.6125,0.579558,0.637083,0.0827208,1054,6750,7804,Fall,25.1125,Clear
623,2012-09-14,3,1,Sep,0,,1,1,0.633333,0.594083,0.6725,0.103863,1379,6630,8009,Fall,25.966653,Clear
624,2012-09-15,3,1,Sep,0,,0,1,0.608333,0.585867,0.501667,0.247521,3160,5554,8714,Fall,24.941653000000002,Clear
625,2012-09-16,3,1,Sep,0,,0,1,0.58,0.563125,0.57,0.0901833,2166,5167,7333,Fall,23.779999999999998,Clear
626,2012-09-17,3,1,Sep,0,,1,2,0.580833,0.55305,0.734583,0.151742,1022,5847,6869,Fall,23.814153,Mist
627,2012-09-18,3,1,Sep,0,,1,2,0.623333,0.565067,0.8725,0.357587,371,3702,4073,Fall,25.556653,Mist
628,2012-09-19,3,1,Sep,0,,1,1,0.5525,0.540404,0.536667,0.215175,788,6803,7591,Fall,22.6525,Clear
629,2012-09-20,3,1,Sep,0,,1,1,0.546667,0.532192,0.618333,0.118167,939,6781,7720,Fall,22.413347,Clear
630,2012-09-21,3,1,Sep,0,,1,1,0.599167,0.571971,0.66875,0.154229,1250,6917,8167,Fall,24.565847,Clear
631,2012-09-22,3,1,Sep,0,,0,1,0.65,0.610488,0.646667,0.283583,2512,5883,8395,Fall,26.650000000000002,Clear
632,2012-09-23,4,1,Sep,0,,0,1,0.529167,0.518933,0.467083,0.223258,2454,5453,7907,Winter,21.695847,Clear
633,2012-09-24,4,1,Sep,0,,1,1,0.514167,0.502513,0.492917,0.142404,1001,6435,7436,Winter,21.080847000000002,Clear
634,2012-09-25,4,1,Sep,0,,1,1,0.55,0.544179,0.57,0.236321,845,6693,7538,Winter,22.55,Clear
635,2012-09-26,4,1,Sep,0,,1,1,0.635,0.596613,0.630833,0.2444,787,6946,7733,Winter,26.035,Clear
636,2012-09-27,4,1,Sep,0,,1,2,0.65,0.607975,0.690833,0.134342,751,6642,7393,Winter,26.650000000000002,Mist
637,2012-09-28,4,1,Sep,0,,1,2,0.619167,0.585863,0.69,0.164179,1045,6370,7415,Winter,25.385847000000002,Mist
638,2012-09-29,4,1,Sep,0,,0,1,0.5425,0.530296,0.542917,0.227604,2589,5966,8555,Winter,22.2425,Clear
639,2012-09-30,4,1,Sep,0,,0,1,0.526667,0.517663,0.583333,0.134958,2015,4874,6889,Winter,21.593347,Clear
640,2012-10-01,4,1,Oct,0,,1,2,0.520833,0.512,0.649167,0.0908042,763,6015,6778,Winter,21.354153,Mist
641,2012-10-02,4,1,Oct,0,,1,3,0.590833,0.542333,0.871667,0.104475,315,4324,4639,Winter,24.224153,Light Rain
642,2012-10-03,4,1,Oct,0,,1,2,0.6575,0.599133,0.79375,0.0665458,728,6844,7572,Winter,26.9575,Mist
643,2012-10-04,4,1,Oct,0,,1,2,0.6575,0.607975,0.722917,0.117546,891,6437,7328,Winter,26.9575,Mist
644,2012-10-05,4,1,Oct,0,,1,1,0.615,0.580187,0.6275,0.10635,1516,6640,8156,Winter,25.215,Clear
645,2012-10-06,4,1,Oct,0,,0,1,0.554167,0.538521,0.664167,0.268025,3031,4934,7965,Winter,22.720847,Clear
646,2012-10-07,4,1,Oct,0,,0,2,0.415833,0.419813,0.708333,0.141162,781,2729,3510,Winter,17.049153,Mist
647,2012-10-08,4,1,Oct,1,,0,2,0.383333,0.387608,0.709583,0.189679,874,4604,5478,Winter,15.716652999999999,Mist
648,2012-10-09,4,1,Oct,0,,1,2,0.446667,0.438112,0.761667,0.1903,601,5791,6392,Winter,18.313347,Mist
649,2012-10-10,4,1,Oct,0,,1,1,0.514167,0.503142,0.630833,0.187821,780,6911,7691,Winter,21.080847000000002,Clear
650,2012-10-11,4,1,Oct,0,,1,1,0.435,0.431167,0.463333,0.181596,834,6736,7570,Winter,17.835,Clear
651,2012-10-12,4,1,Oct,0,,1,1,0.4375,0.433071,0.539167,0.235092,1060,6222,7282,Winter,17.9375,Clear
652,2012-10-13,4,1,Oct,0,,0,1,0.393333,0.391396,0.494583,0.146142,2252,4857,7109,Winter,16.126653,Clear
653,2012-10-14,4,1,Oct,0,,0,1,0.521667,0.508204,0.640417,0.278612,2080,4559,6639,Winter,21.388347,Clear
654,2012-10-15,4,1,Oct,0,,1,2,0.561667,0.53915,0.7075,0.296037,760,5115,5875,Winter,23.028347,Mist
655,2012-10-16,4,1,Oct,0,,1,1,0.468333,0.460846,0.558333,0.182221,922,6612,7534,Winter,19.201653,Clear
656,2012-10-17,4,1,Oct,0,,1,1,0.455833,0.450108,0.692917,0.101371,979,6482,7461,Winter,18.689153,Clear
657,2012-10-18,4,1,Oct,0,,1,2,0.5225,0.512625,0.728333,0.236937,1008,6501,7509,Winter,21.4225,Mist
658,2012-10-19,4,1,Oct,0,,1,2,0.563333,0.537896,0.815,0.134954,753,4671,5424,Winter,23.096653,Mist
659,2012-10-20,4,1,Oct,0,,0,1,0.484167,0.472842,0.572917,0.117537,2806,5284,8090,Winter,19.850847,Clear
660,2012-10-21,4,1,Oct,0,,0,1,0.464167,0.456429,0.51,0.166054,2132,4692,6824,Winter,19.030847,Clear
661,2012-10-22,4,1,Oct,0,,1,1,0.4875,0.482942,0.568333,0.0814833,830,6228,7058,Winter,19.9875,Clear
662,2012-10-23,4,1,Oct,0,,1,1,0.544167,0.530304,0.641667,0.0945458,841,6625,7466,Winter,22.310847,Clear
663,2012-10-24,4,1,Oct,0,,1,1,0.5875,0.558721,0.63625,0.0727792,795,6898,7693,Winter,24.087500000000002,Clear
664,2012-10-25,4,1,Oct,0,,1,2,0.55,0.529688,0.800417,0.124375,875,6484,7359,Winter,22.55,Mist
665,2012-10-26,4,1,Oct,0,,1,2,0.545833,0.52275,0.807083,0.132467,1182,6262,7444,Winter,22.379153000000002,Mist
666,2012-10-27,4,1,Oct,0,,0,2,0.53,0.515133,0.72,0.235692,2643,5209,7852,Winter,21.73,Mist
667,2012-10-28,4,1,Oct,0,,0,2,0.4775,0.467771,0.694583,0.398008,998,3461,4459,Winter,19.5775,Mist
668,2012-10-29,4,1,Oct,0,,1,3,0.44,0.4394,0.88,0.3582,2,20,22,Winter,18.04,Light Rain
669,2012-10-30,4,1,Oct,0,,1,2,0.318182,0.309909,0.825455,0.213009,87,1009,1096,Winter,13.045462,Mist
670,2012-10-31,4,1,Oct,0,,1,2,0.3575,0.3611,0.666667,0.166667,419,5147,5566,Winter,14.657499999999999,Mist
671,2012-11-01,4,1,Nov,0,,1,2,0.365833,0.369942,0.581667,0.157346,466,5520,5986,Winter,14.999153000000002,Mist
672,2012-11-02,4,1,Nov,0,,1,1,0.355,0.356042,0.522083,0.266175,618,5229,5847,Winter,14.555,Clear
673,2012-11-03,4,1,Nov,0,,0,2,0.343333,0.323846,0.49125,0.270529,1029,4109,5138,Winter,14.076653,Mist
674,2012-11-04,4,1,Nov,0,,0,1,0.325833,0.329538,0.532917,0.179108,1201,3906,5107,Winter,13.359153,Clear
675,2012-11-05,4,1,Nov,0,,1,1,0.319167,0.308075,0.494167,0.236325,378,4881,5259,Winter,13.085847,Clear
676,2012-11-06,4,1,Nov,0,,1,1,0.280833,0.281567,0.567083,0.173513,466,5220,5686,Winter,11.514153,Clear
677,2012-11-07,4,1,Nov,0,,1,2,0.295833,0.274621,0.5475,0.304108,326,4709,5035,Winter,12.129153,Mist
678,2012-11-08,4,1,Nov,0,,1,1,0.352174,0.341891,0.333478,0.347835,340,4975,5315,Winter,14.439134,Clear
679,2012-11-09,4,1,Nov,0,,1,1,0.361667,0.355413,0.540833,0.214558,709,5283,5992,Winter,14.828347,Clear
680,2012-11-10,4,1,Nov,0,,0,1,0.389167,0.393937,0.645417,0.0578458,2090,4446,6536,Winter,15.955846999999999,Clear
681,2012-11-11,4,1,Nov,0,,0,1,0.420833,0.421713,0.659167,0.1275,2290,4562,6852,Winter,17.254153000000002,Clear
682,2012-11-12,4,1,Nov,1,,0,1,0.485,0.475383,0.741667,0.173517,1097,5172,6269,Winter,19.884999999999998,Clear
683,2012-11-13,4,1,Nov,0,,1,2,0.343333,0.323225,0.662917,0.342046,327,3767,4094,Winter,14.076653,Mist
684,2012-11-14,4,1,Nov,0,,1,1,0.289167,0.281563,0.552083,0.199625,373,5122,5495,Winter,11.855847,Clear
685,2012-11-15,4,1,Nov,0,,1,2,0.321667,0.324492,0.620417,0.152987,320,5125,5445,Winter,13.188346999999998,Mist
686,2012-11-16,4,1,Nov,0,,1,1,0.345,0.347204,0.524583,0.171025,484,5214,5698,Winter,14.145,Clear
687,2012-11-17,4,1,Nov,0,,0,1,0.325,0.326383,0.545417,0.179729,1313,4316,5629,Winter,13.325000000000001,Clear
688,2012-11-18,4,1,Nov,0,,0,1,0.3425,0.337746,0.692917,0.227612,922,3747,4669,Winter,14.0425,Clear
689,2012-11-19,4,1,Nov,0,,1,2,0.380833,0.375621,0.623333,0.235067,449,5050,5499,Winter,15.614152999999998,Mist
690,2012-11-20,4,1,Nov,0,,1,2,0.374167,0.380667,0.685,0.082725,534,5100,5634,Winter,15.340847000000002,Mist
691,2012-11-21,4,1,Nov,0,,1,1,0.353333,0.364892,0.61375,0.103246,615,4531,5146,Winter,14.486653,Clear
692,2012-11-22,4,1,Nov,1,,0,1,0.34,0.350371,0.580417,0.0528708,955,1470,2425,Winter,13.940000000000001,Clear
693,2012-11-23,4,1,Nov,0,,1,1,0.368333,0.378779,0.56875,0.148021,1603,2307,3910,Winter,15.101653,Clear
694,2012-11-24,4,1,Nov,0,,0,1,0.278333,0.248742,0.404583,0.376871,532,1745,2277,Winter,11.411653,Clear
695,2012-11-25,4,1,Nov,0,,0,1,0.245833,0.257583,0.468333,0.1505,309,2115,2424,Winter,10.079153,Clear
696,2012-11-26,4,1,Nov,0,,1,1,0.313333,0.339004,0.535417,0.04665,337,4750,5087,Winter,12.846652999999998,Clear
697,2012-11-27,4,1,Nov,0,,1,2,0.291667,0.281558,0.786667,0.237562,123,3836,3959,Winter,11.958347,Mist
698,2012-11-28,4,1,Nov,0,,1,1,0.296667,0.289762,0.50625,0.210821,198,5062,5260,Winter,12.163347,Clear
699,2012-11-29,4,1,Nov,0,,1,1,0.28087,0.298422,0.555652,0.115522,243,5080,5323,Winter,11.51567,Clear
700,2012-11-30,4,1,Nov,0,,1,1,0.298333,0.323867,0.649583,0.0584708,362,5306,5668,Winter,12.231653000000001,Clear
701,2012-12-01,4,1,Dec,0,,0,2,0.298333,0.316904,0.806667,0.0597042,951,4240,5191,Winter,12.231653000000001,Mist
702,2012-12-02,4,1,Dec,0,,0,2,0.3475,0.359208,0.823333,0.124379,892,3757,4649,Winter,14.247499999999999,Mist
703,2012-12-03,4,1,Dec,0,,1,1,0.4525,0.455796,0.7675,0.0827208,555,5679,6234,Winter,18.552500000000002,Clear
704,2012-12-04,4,1,Dec,0,,1,1,0.475833,0.469054,0.73375,0.174129,551,6055,6606,Winter,19.509153,Clear
705,2012-12-05,4,1,Dec,0,,1,1,0.438333,0.428012,0.485,0.324021,331,5398,5729,Winter,17.971653,Clear
706,2012-12-06,4,1,Dec,0,,1,1,0.255833,0.258204,0.50875,0.174754,340,5035,5375,Winter,10.489152999999998,Clear
707,2012-12-07,4,1,Dec,0,,1,2,0.320833,0.321958,0.764167,0.1306,349,4659,5008,Winter,13.154152999999999,Mist
708,2012-12-08,4,1,Dec,0,,0,2,0.381667,0.389508,0.91125,0.101379,1153,4429,5582,Winter,15.648347,Mist
709,2012-12-09,4,1,Dec,0,,0,2,0.384167,0.390146,0.905417,0.157975,441,2787,3228,Winter,15.750846999999998,Mist
710,2012-12-10,4,1,Dec,0,,1,2,0.435833,0.435575,0.925,0.190308,329,4841,5170,Winter,17.869153,Mist
711,2012-12-11,4,1,Dec,0,,1,2,0.353333,0.338363,0.596667,0.296037,282,5219,5501,Winter,14.486653,Mist
712,2012-12-12,4,1,Dec,0,,1,2,0.2975,0.297338,0.538333,0.162937,310,5009,5319,Winter,12.1975,Mist
713,2012-12-13,4,1,Dec,0,,1,1,0.295833,0.294188,0.485833,0.174129,425,5107,5532,Winter,12.129153,Clear
714,2012-12-14,4,1,Dec,0,,1,1,0.281667,0.294192,0.642917,0.131229,429,5182,5611,Winter,11.548347,Clear
715,2012-12-15,4,1,Dec,0,,0,1,0.324167,0.338383,0.650417,0.10635,767,4280,5047,Winter,13.290847,Clear
716,2012-12-16,4,1,Dec,0,,0,2,0.3625,0.369938,0.83875,0.100742,538,3248,3786,Winter,14.862499999999999,Mist
717,2012-12-17,4,1,Dec,0,,1,2,0.393333,0.4015,0.907083,0.0982583,212,4373,4585,Winter,16.126653,Mist
718,2012-12-18,4,1,Dec,0,,1,1,0.410833,0.409708,0.66625,0.221404,433,5124,5557,Winter,16.844153,Clear
719,2012-12-19,4,1,Dec,0,,1,1,0.3325,0.342162,0.625417,0.184092,333,4934,5267,Winter,13.6325,Clear
720,2012-12-20,4,1,Dec,0,,1,2,0.33,0.335217,0.667917,0.132463,314,3814,4128,Winter,13.530000000000001,Mist
721,2012-12-21,1,1,Dec,0,,1,2,0.326667,0.301767,0.556667,0.374383,221,3402,3623,Springer,13.393346999999999,Mist
722,2012-12-22,1,1,Dec,0,,0,1,0.265833,0.236113,0.44125,0.407346,205,1544,1749,Springer,10.899153,Clear
723,2012-12-23,1,1,Dec,0,,0,1,0.245833,0.259471,0.515417,0.133083,408,1379,1787,Springer,10.079153,Clear
724,2012-12-24,1,1,Dec,0,,1,2,0.231304,0.2589,0.791304,0.0772304,174,746,920,Springer,9.483464,Mist
725,2012-12-25,1,1,Dec,1,,0,2,0.291304,0.294465,0.734783,0.168726,440,573,1013,Springer,11.943464,Mist
726,2012-12-26,1,1,Dec,0,,1,3,0.243333,0.220333,0.823333,0.316546,9,432,441,Springer,9.976652999999999,Light Rain
727,2012-12-27,1,1,Dec,0,,1,2,0.254167,0.226642,0.652917,0.350133,247,1867,2114,Springer,10.420846999999998,Mist
728,2012-12-28,1,1,Dec,0,,1,2,0.253333,0.255046,0.59,0.155471,644,2451,3095,Springer,10.386652999999999,Mist
729,2012-12-29,1,1,Dec,0,,0,2,0.253333,0.2424,0.752917,0.124383,159,1182,1341,Springer,10.386652999999999,Mist
730,2012-12-30,1,1,Dec,0,,0,1,0.255833,0.2317,0.483333,0.350754,364,1432,1796,Springer,10.489152999999998,Clear
731,2012-12-31,1,1,Dec,0,,1,2,0.215833,0.223487,0.5775,0.154846,439,2290,2729,Springer,8.849153,Mist
